canonical_slug,family,outcome,exposure,weighting,baseline,alignment,time_variation,sample,depvar,n_obs,n_combos_run,n_combos_failed,wald_f_min,wald_f_max,elapsed_fit_sec,elapsed_table_sec,elapsed_summary_sec,elapsed_sec,status,skip_reason,tex_path,md_path
firm__interaction_mqemp__levels__bndes_extensive__coalition__2002_fixed__unweighted__all_firms__binary,interaction_mqemp,bndes_extensive,binary,unweighted,2002_fixed,coalition,levels,all_firms,has_bndes_fmt,43184682,5,1,4.02315234824561,17.1040926015853,451.16,0.0399999999999636,0.0199999999995271,451.25,completed,,C:/Users/LENOVO/Desktop/David/Proyectos/Brazil_IP/paper/tables/firm/firm__interaction_mqemp__levels__bndes_extensive__coalition__2002_fixed__unweighted__all_firms__binary.tex,
firm__interaction_mqemp__levels__bndes_extensive__coalition__2002_fixed__unweighted__all_firms__pooled_count,interaction_mqemp,bndes_extensive,pooled_count,unweighted,2002_fixed,coalition,levels,all_firms,has_bndes_fmt,43184682,6,0,7.5994119039617,13.101794949701,456.08,0.0399999999999636,0.0199999999995271,456.14,completed,,C:/Users/LENOVO/Desktop/David/Proyectos/Brazil_IP/paper/tables/firm/firm__interaction_mqemp__levels__bndes_extensive__coalition__2002_fixed__unweighted__all_firms__pooled_count.tex,
firm__interaction_mqemp__levels__bndes_extensive__party__2002_fixed__unweighted__all_firms__binary,interaction_mqemp,bndes_extensive,binary,unweighted,2002_fixed,party,levels,all_firms,has_bndes_fmt,43184682,6,0,1.14685579896182,6.8430998124553,459.64,0.119999999999891,0.0399999999999636,459.84,completed,,C:/Users/LENOVO/Desktop/David/Proyectos/Brazil_IP/paper/tables/firm/firm__interaction_mqemp__levels__bndes_extensive__party__2002_fixed__unweighted__all_firms__binary.tex,
firm__interaction_mqemp__levels__bndes_extensive__party__2002_fixed__unweighted__all_firms__pooled_count,interaction_mqemp,bndes_extensive,pooled_count,unweighted,2002_fixed,party,levels,all_firms,has_bndes_fmt,43184682,6,0,1.38942592800179,2.85332084136414,460.48,0.110000000000582,0.0199999999986176,460.61,completed,,C:/Users/LENOVO/Desktop/David/Proyectos/Brazil_IP/paper/tables/firm/firm__interaction_mqemp__levels__bndes_extensive__party__2002_fixed__unweighted__all_firms__pooled_count.tex,
firm__interaction_mqemp__levels__bndes_intensive__coalition__2002_fixed__unweighted__all_firms__binary,interaction_mqemp,bndes_intensive,binary,unweighted,2002_fixed,coalition,levels,all_firms,log_bndes_fmt,472346,6,0,2.45025230267479,4.99334704873119,137.730000000001,0.0199999999986176,0.0100000000002183,137.76,completed,,C:/Users/LENOVO/Desktop/David/Proyectos/Brazil_IP/paper/tables/firm/firm__interaction_mqemp__levels__bndes_intensive__coalition__2002_fixed__unweighted__all_firms__binary.tex,
firm__interaction_mqemp__levels__bndes_intensive__coalition__2002_fixed__unweighted__all_firms__pooled_count,interaction_mqemp,bndes_intensive,pooled_count,unweighted,2002_fixed,coalition,levels,all_firms,log_bndes_fmt,472346,6,0,0.781168149772616,1.67387654078011,137.23,0,0.0200000000004366,137.25,completed,,C:/Users/LENOVO/Desktop/David/Proyectos/Brazil_IP/paper/tables/firm/firm__interaction_mqemp__levels__bndes_intensive__coalition__2002_fixed__unweighted__all_firms__pooled_count.tex,
firm__interaction_mqemp__levels__bndes_intensive__party__2002_fixed__unweighted__all_firms__binary,interaction_mqemp,bndes_intensive,binary,unweighted,2002_fixed,party,levels,all_firms,log_bndes_fmt,472346,6,0,0.560673683711404,6.87325659281888,134.380000000001,0.00999999999839929,0,134.389999999999,completed,,C:/Users/LENOVO/Desktop/David/Proyectos/Brazil_IP/paper/tables/firm/firm__interaction_mqemp__levels__bndes_intensive__party__2002_fixed__unweighted__all_firms__binary.tex,
firm__interaction_mqemp__levels__bndes_intensive__party__2002_fixed__unweighted__all_firms__pooled_count,interaction_mqemp,bndes_intensive,pooled_count,unweighted,2002_fixed,party,levels,all_firms,log_bndes_fmt,472346,6,0,0.0455785063003303,0.868101072478433,136.050000000001,0.0200000000004366,0,136.070000000002,completed,,C:/Users/LENOVO/Desktop/David/Proyectos/Brazil_IP/paper/tables/firm/firm__interaction_mqemp__levels__bndes_intensive__party__2002_fixed__unweighted__all_firms__pooled_count.tex,
firm__interaction_mqemp__levels__employment_log__coalition__2002_fixed__unweighted__all_firms__binary,interaction_mqemp,employment_log,binary,unweighted,2002_fixed,coalition,levels,all_firms,log_n_employees,39534589,6,0,16.9665798890389,70.0361457714243,474.780000000001,0.139999999999418,0.0300000000006548,474.950000000001,completed,,C:/Users/LENOVO/Desktop/David/Proyectos/Brazil_IP/paper/tables/firm/firm__interaction_mqemp__levels__employment_log__coalition__2002_fixed__unweighted__all_firms__binary.tex,
firm__interaction_mqemp__levels__employment_log__coalition__2002_fixed__unweighted__all_firms__pooled_count,interaction_mqemp,employment_log,pooled_count,unweighted,2002_fixed,coalition,levels,all_firms,log_n_employees,39534589,6,0,22.8821447592075,120.432629262218,495.65,0.109999999998763,0.0200000000004366,495.779999999999,completed,,C:/Users/LENOVO/Desktop/David/Proyectos/Brazil_IP/paper/tables/firm/firm__interaction_mqemp__levels__employment_log__coalition__2002_fixed__unweighted__all_firms__pooled_count.tex,
firm__interaction_mqemp__levels__employment_log__party__2002_fixed__unweighted__all_firms__binary,interaction_mqemp,employment_log,binary,unweighted,2002_fixed,party,levels,all_firms,log_n_employees,39534589,6,0,6.98268190018637,32.3732718152053,489.52,0.110000000000582,0.0299999999988358,489.66,completed,,C:/Users/LENOVO/Desktop/David/Proyectos/Brazil_IP/paper/tables/firm/firm__interaction_mqemp__levels__employment_log__party__2002_fixed__unweighted__all_firms__binary.tex,
firm__interaction_mqemp__levels__employment_log__party__2002_fixed__unweighted__all_firms__pooled_count,interaction_mqemp,employment_log,pooled_count,unweighted,2002_fixed,party,levels,all_firms,log_n_employees,39534589,6,0,3.20626394500107,12.8211963083718,478.9,0.0500000000010914,0.0100000000002183,478.980000000001,completed,,C:/Users/LENOVO/Desktop/David/Proyectos/Brazil_IP/paper/tables/firm/firm__interaction_mqemp__levels__employment_log__party__2002_fixed__unweighted__all_firms__pooled_count.tex,
firm__interaction_mqemp__levels__employment_share__coalition__2002_fixed__unweighted__all_firms__binary,interaction_mqemp,employment_share,binary,unweighted,2002_fixed,coalition,levels,all_firms,emp_share_muni_rais,39534589,6,0,1.65369088863876,5.34979907081446,493.049999999999,0.0300000000006548,0.00999999999839929,493.089999999998,completed,,C:/Users/LENOVO/Desktop/David/Proyectos/Brazil_IP/paper/tables/firm/firm__interaction_mqemp__levels__employment_share__coalition__2002_fixed__unweighted__all_firms__binary.tex,
firm__interaction_mqemp__levels__employment_share__coalition__2002_fixed__unweighted__all_firms__pooled_count,interaction_mqemp,employment_share,pooled_count,unweighted,2002_fixed,coalition,levels,all_firms,emp_share_muni_rais,39534589,6,0,13.1702946578552,25.3766841930015,486.050000000001,0.0899999999983265,0.0400000000008731,486.18,completed,,C:/Users/LENOVO/Desktop/David/Proyectos/Brazil_IP/paper/tables/firm/firm__interaction_mqemp__levels__employment_share__coalition__2002_fixed__unweighted__all_firms__pooled_count.tex,
firm__interaction_mqemp__levels__employment_share__party__2002_fixed__unweighted__all_firms__binary,interaction_mqemp,employment_share,binary,unweighted,2002_fixed,party,levels,all_firms,emp_share_muni_rais,39534589,6,0,2.02776202806164,5.70299424188486,480.41,0.1299999999992,0.0400000000008731,480.58,completed,,C:/Users/LENOVO/Desktop/David/Proyectos/Brazil_IP/paper/tables/firm/firm__interaction_mqemp__levels__employment_share__party__2002_fixed__unweighted__all_firms__binary.tex,
firm__interaction_mqemp__levels__employment_share__party__2002_fixed__unweighted__all_firms__pooled_count,interaction_mqemp,employment_share,pooled_count,unweighted,2002_fixed,party,levels,all_firms,emp_share_muni_rais,39534589,6,0,6.10994753325952,34.1566692953349,465.25,0.130000000001019,0.0499999999992724,465.43,completed,,C:/Users/LENOVO/Desktop/David/Proyectos/Brazil_IP/paper/tables/firm/firm__interaction_mqemp__levels__employment_share__party__2002_fixed__unweighted__all_firms__pooled_count.tex,
firm__main__levels__bndes_extensive__coalition__2002_fixed__emp_share_weighted__all_firms__binary,main,bndes_extensive,binary,emp_share_weighted,2002_fixed,coalition,levels,all_firms,has_bndes_fmt,10124508,6,0,0.0484081647030491,17.8886152699717,397.360000000001,0.0199999999967986,0.0100000000020373,397.389999999999,completed,,C:/Users/LENOVO/Desktop/David/Proyectos/Brazil_IP/paper/tables/firm/firm__main__levels__bndes_extensive__coalition__2002_fixed__emp_share_weighted__all_firms__binary.tex,
firm__main__levels__bndes_extensive__coalition__2002_fixed__emp_share_weighted__all_firms__pooled_count,main,bndes_extensive,pooled_count,emp_share_weighted,2002_fixed,coalition,levels,all_firms,has_bndes_fmt,10124508,6,0,1.18282955728239,33.2137601858478,383.400000000001,0.00999999999839929,0,383.41,completed,,C:/Users/LENOVO/Desktop/David/Proyectos/Brazil_IP/paper/tables/firm/firm__main__levels__bndes_extensive__coalition__2002_fixed__emp_share_weighted__all_firms__pooled_count.tex,
firm__main__levels__bndes_extensive__coalition__2002_fixed__emp_weighted__all_firms__binary,main,bndes_extensive,binary,emp_weighted,2002_fixed,coalition,levels,all_firms,has_bndes_fmt,12680657,6,0,0.0774261838580864,4.55675954238445,114.62,0.27000000000001,0.0600000000000023,114.95,completed,,C:/Users/LENOVO/Desktop/David/Proyectos/Brazil_IP/paper/tables/firm/firm__main__levels__bndes_extensive__coalition__2002_fixed__emp_weighted__all_firms__binary.tex,
firm__main__levels__bndes_extensive__coalition__2002_fixed__emp_weighted__all_firms__pooled_count,main,bndes_extensive,pooled_count,emp_weighted,2002_fixed,coalition,levels,all_firms,has_bndes_fmt,12680657,6,0,0.207056948979027,5.54330608675178,109.86,0.0699999999999932,0.00999999999999091,109.94,completed,,C:/Users/LENOVO/Desktop/David/Proyectos/Brazil_IP/paper/tables/firm/firm__main__levels__bndes_extensive__coalition__2002_fixed__emp_weighted__all_firms__pooled_count.tex,
firm__main__levels__bndes_extensive__coalition__2002_fixed__unweighted__all_firms__binary,main,bndes_extensive,binary,unweighted,2002_fixed,coalition,levels,all_firms,has_bndes_fmt,43184682,6,0,0.251618932248772,12.5560621797058,213.7,0.0400000000000205,0.0400000000000205,213.78,completed,,C:/Users/LENOVO/Desktop/David/Proyectos/Brazil_IP/paper/tables/firm/firm__main__levels__bndes_extensive__coalition__2002_fixed__unweighted__all_firms__binary.tex,
firm__main__levels__bndes_extensive__coalition__2002_fixed__unweighted__all_firms__pooled_count,main,bndes_extensive,pooled_count,unweighted,2002_fixed,coalition,levels,all_firms,has_bndes_fmt,43184682,6,0,13.6512284740526,24.4096575429703,250.38,0.200000000000045,0.0900000000000318,250.67,completed,,C:/Users/LENOVO/Desktop/David/Proyectos/Brazil_IP/paper/tables/firm/firm__main__levels__bndes_extensive__coalition__2002_fixed__unweighted__all_firms__pooled_count.tex,
firm__main__levels__bndes_extensive__coalition__2002_fixed__unweighted__bottom_3q__pooled_count,main,bndes_extensive,pooled_count,unweighted,2002_fixed,coalition,levels,bottom_3q,has_bndes_fmt,5197189,6,0,2.3864714215573,13.5170651141115,66.2,0.22999999999999,0.0500000000000114,66.48,completed,,C:/Users/LENOVO/Desktop/David/Proyectos/Brazil_IP/paper/tables/firm/firm__main__levels__bndes_extensive__coalition__2002_fixed__unweighted__bottom_3q__pooled_count.tex,
firm__main__levels__bndes_extensive__coalition__2002_fixed__unweighted__top_q4__pooled_count,main,bndes_extensive,pooled_count,unweighted,2002_fixed,coalition,levels,top_q4,has_bndes_fmt,37924455,6,0,4.85909036432987,28.1488529172559,176.4,0.129999999999995,0.0500000000000114,176.58,completed,,C:/Users/LENOVO/Desktop/David/Proyectos/Brazil_IP/paper/tables/firm/firm__main__levels__bndes_extensive__coalition__2002_fixed__unweighted__top_q4__pooled_count.tex,
firm__main__levels__bndes_extensive__party__2002_fixed__emp_share_weighted__all_firms__binary,main,bndes_extensive,binary,emp_share_weighted,2002_fixed,party,levels,all_firms,has_bndes_fmt,10124508,6,0,0.0213190206895079,1.34378885946785,388.780000000003,0.0199999999967986,0,388.799999999999,completed,,C:/Users/LENOVO/Desktop/David/Proyectos/Brazil_IP/paper/tables/firm/firm__main__levels__bndes_extensive__party__2002_fixed__emp_share_weighted__all_firms__binary.tex,
firm__main__levels__bndes_extensive__party__2002_fixed__emp_share_weighted__all_firms__pooled_count,main,bndes_extensive,pooled_count,emp_share_weighted,2002_fixed,party,levels,all_firms,has_bndes_fmt,10124508,6,0,0.242482734975121,0.713152712276054,389.050000000003,0.00999999999839929,0.0200000000004366,389.080000000002,completed,,C:/Users/LENOVO/Desktop/David/Proyectos/Brazil_IP/paper/tables/firm/firm__main__levels__bndes_extensive__party__2002_fixed__emp_share_weighted__all_firms__pooled_count.tex,
firm__main__levels__bndes_extensive__party__2002_fixed__emp_weighted__all_firms__binary,main,bndes_extensive,binary,emp_weighted,2002_fixed,party,levels,all_firms,has_bndes_fmt,12680657,6,0,0.0188263274471207,1.16195176315531,146.27,0.0900000000000318,0.0499999999999545,146.41,completed,,C:/Users/LENOVO/Desktop/David/Proyectos/Brazil_IP/paper/tables/firm/firm__main__levels__bndes_extensive__party__2002_fixed__emp_weighted__all_firms__binary.tex,
firm__main__levels__bndes_extensive__party__2002_fixed__emp_weighted__all_firms__pooled_count,main,bndes_extensive,pooled_count,emp_weighted,2002_fixed,party,levels,all_firms,has_bndes_fmt,12680657,6,0,0.069205020568485,0.633686094750306,137.84,0.0599999999999454,0.0299999999999727,137.93,completed,,C:/Users/LENOVO/Desktop/David/Proyectos/Brazil_IP/paper/tables/firm/firm__main__levels__bndes_extensive__party__2002_fixed__emp_weighted__all_firms__pooled_count.tex,
firm__main__levels__bndes_extensive__party__2002_fixed__unweighted__all_firms__binary,main,bndes_extensive,binary,unweighted,2002_fixed,party,levels,all_firms,has_bndes_fmt,43184682,6,0,0.0608941188368631,3.24782019615183,249.96,0.1099999999999,0.0399999999999636,250.11,completed,,C:/Users/LENOVO/Desktop/David/Proyectos/Brazil_IP/paper/tables/firm/firm__main__levels__bndes_extensive__party__2002_fixed__unweighted__all_firms__binary.tex,
firm__main__levels__bndes_extensive__party__2002_fixed__unweighted__all_firms__pooled_count,main,bndes_extensive,pooled_count,unweighted,2002_fixed,party,levels,all_firms,has_bndes_fmt,43184682,6,0,0.00166917007989693,4.62478173393443,256.73,0.129999999999882,0.0600000000001728,256.94,completed,,C:/Users/LENOVO/Desktop/David/Proyectos/Brazil_IP/paper/tables/firm/firm__main__levels__bndes_extensive__party__2002_fixed__unweighted__all_firms__pooled_count.tex,
firm__main__levels__bndes_intensive__coalition__2002_fixed__emp_share_weighted__all_firms__binary,main,bndes_intensive,binary,emp_share_weighted,2002_fixed,coalition,levels,all_firms,log_bndes_fmt,165375,6,0,0.0302557237971625,2.66413609116487,149.02,0.0100000000020373,0.0199999999967986,149.049999999999,completed,,C:/Users/LENOVO/Desktop/David/Proyectos/Brazil_IP/paper/tables/firm/firm__main__levels__bndes_intensive__coalition__2002_fixed__emp_share_weighted__all_firms__binary.tex,
firm__main__levels__bndes_intensive__coalition__2002_fixed__emp_share_weighted__all_firms__pooled_count,main,bndes_intensive,pooled_count,emp_share_weighted,2002_fixed,coalition,levels,all_firms,log_bndes_fmt,165375,6,0,0.0539449059825517,0.431257216006755,150.580000000002,0,0.00999999999839929,150.59,completed,,C:/Users/LENOVO/Desktop/David/Proyectos/Brazil_IP/paper/tables/firm/firm__main__levels__bndes_intensive__coalition__2002_fixed__emp_share_weighted__all_firms__pooled_count.tex,
firm__main__levels__bndes_intensive__coalition__2002_fixed__emp_weighted__all_firms__binary,main,bndes_intensive,binary,emp_weighted,2002_fixed,coalition,levels,all_firms,log_bndes_fmt,187613,6,0,0.62310292982558,4.75770573068563,43.3299999999999,0.0300000000002001,0.00999999999999091,43.3700000000001,completed,,C:/Users/LENOVO/Desktop/David/Proyectos/Brazil_IP/paper/tables/firm/firm__main__levels__bndes_intensive__coalition__2002_fixed__emp_weighted__all_firms__binary.tex,
firm__main__levels__bndes_intensive__coalition__2002_fixed__emp_weighted__all_firms__pooled_count,main,bndes_intensive,pooled_count,emp_weighted,2002_fixed,coalition,levels,all_firms,log_bndes_fmt,187613,6,0,0.00112041915281971,2.31061371199279,40.4699999999998,0.00999999999999091,0,40.4799999999998,completed,,C:/Users/LENOVO/Desktop/David/Proyectos/Brazil_IP/paper/tables/firm/firm__main__levels__bndes_intensive__coalition__2002_fixed__emp_weighted__all_firms__pooled_count.tex,
firm__main__levels__bndes_intensive__coalition__2002_fixed__unweighted__all_firms__binary,main,bndes_intensive,binary,unweighted,2002_fixed,coalition,levels,all_firms,log_bndes_fmt,472346,6,0,0.49106830994748,1.61188960948774,40.26,0.0199999999999818,0,40.28,completed,,C:/Users/LENOVO/Desktop/David/Proyectos/Brazil_IP/paper/tables/firm/firm__main__levels__bndes_intensive__coalition__2002_fixed__unweighted__all_firms__binary.tex,
firm__main__levels__bndes_intensive__coalition__2002_fixed__unweighted__all_firms__pooled_count,main,bndes_intensive,pooled_count,unweighted,2002_fixed,coalition,levels,all_firms,log_bndes_fmt,472346,6,0,0.00940366518342023,3.04307810570712,40,0.0199999999999818,0.00999999999999091,40.03,completed,,C:/Users/LENOVO/Desktop/David/Proyectos/Brazil_IP/paper/tables/firm/firm__main__levels__bndes_intensive__coalition__2002_fixed__unweighted__all_firms__pooled_count.tex,
firm__main__levels__bndes_intensive__party__2002_fixed__emp_share_weighted__all_firms__binary,main,bndes_intensive,binary,emp_share_weighted,2002_fixed,party,levels,all_firms,log_bndes_fmt,165375,6,0,0.202279145362657,2.20966744934407,159.040000000001,0.0200000000004366,0,159.060000000001,completed,,C:/Users/LENOVO/Desktop/David/Proyectos/Brazil_IP/paper/tables/firm/firm__main__levels__bndes_intensive__party__2002_fixed__emp_share_weighted__all_firms__binary.tex,
firm__main__levels__bndes_intensive__party__2002_fixed__emp_share_weighted__all_firms__pooled_count,main,bndes_intensive,pooled_count,emp_share_weighted,2002_fixed,party,levels,all_firms,log_bndes_fmt,165375,6,0,0.00228795782889743,0.600391038659946,148.579999999998,0.0100000000020373,0,148.59,completed,,C:/Users/LENOVO/Desktop/David/Proyectos/Brazil_IP/paper/tables/firm/firm__main__levels__bndes_intensive__party__2002_fixed__emp_share_weighted__all_firms__pooled_count.tex,
firm__main__levels__bndes_intensive__party__2002_fixed__emp_weighted__all_firms__binary,main,bndes_intensive,binary,emp_weighted,2002_fixed,party,levels,all_firms,log_bndes_fmt,187613,6,0,0.782187116826273,1.12373166059728,39.75,0,0.00999999999999091,39.76,completed,,C:/Users/LENOVO/Desktop/David/Proyectos/Brazil_IP/paper/tables/firm/firm__main__levels__bndes_intensive__party__2002_fixed__emp_weighted__all_firms__binary.tex,
firm__main__levels__bndes_intensive__party__2002_fixed__emp_weighted__all_firms__pooled_count,main,bndes_intensive,pooled_count,emp_weighted,2002_fixed,party,levels,all_firms,log_bndes_fmt,187613,6,0,0.100103744670513,1.40179855928976,39.8199999999999,0,0.00999999999999091,39.8299999999999,completed,,C:/Users/LENOVO/Desktop/David/Proyectos/Brazil_IP/paper/tables/firm/firm__main__levels__bndes_intensive__party__2002_fixed__emp_weighted__all_firms__pooled_count.tex,
firm__main__levels__bndes_intensive__party__2002_fixed__unweighted__all_firms__binary,main,bndes_intensive,binary,unweighted,2002_fixed,party,levels,all_firms,log_bndes_fmt,472346,6,0,0.700817201507945,4.50065356816215,40.47,0.00999999999999091,0.0399999999999636,40.52,completed,,C:/Users/LENOVO/Desktop/David/Proyectos/Brazil_IP/paper/tables/firm/firm__main__levels__bndes_intensive__party__2002_fixed__unweighted__all_firms__binary.tex,
firm__main__levels__bndes_intensive__party__2002_fixed__unweighted__all_firms__pooled_count,main,bndes_intensive,pooled_count,unweighted,2002_fixed,party,levels,all_firms,log_bndes_fmt,472346,6,0,0.0172377064066974,1.73498977990361,39.97,0.0599999999999454,0.0300000000002001,40.0600000000002,completed,,C:/Users/LENOVO/Desktop/David/Proyectos/Brazil_IP/paper/tables/firm/firm__main__levels__bndes_intensive__party__2002_fixed__unweighted__all_firms__pooled_count.tex,
firm__main__levels__employment_log__coalition__2002_fixed__emp_share_weighted__all_firms__binary,main,employment_log,binary,emp_share_weighted,2002_fixed,coalition,levels,all_firms,log_n_employees,9735159,6,0,0.726147724676692,7.59952098755914,491.16,0.00999999999839929,0.0200000000004366,491.189999999999,completed,,C:/Users/LENOVO/Desktop/David/Proyectos/Brazil_IP/paper/tables/firm/firm__main__levels__employment_log__coalition__2002_fixed__emp_share_weighted__all_firms__binary.tex,
firm__main__levels__employment_log__coalition__2002_fixed__emp_share_weighted__all_firms__pooled_count,main,employment_log,pooled_count,emp_share_weighted,2002_fixed,coalition,levels,all_firms,log_n_employees,9735159,6,0,1.51644954582953,4.75862865934448,492.25,0.00999999999839929,0,492.259999999998,completed,,C:/Users/LENOVO/Desktop/David/Proyectos/Brazil_IP/paper/tables/firm/firm__main__levels__employment_log__coalition__2002_fixed__emp_share_weighted__all_firms__pooled_count.tex,
firm__main__levels__employment_log__coalition__2002_fixed__emp_weighted__all_firms__binary,main,employment_log,binary,emp_weighted,2002_fixed,coalition,levels,all_firms,log_n_employees,12163306,6,0,0.137949407850179,1.8149828652149,151.75,0.0600000000001728,0.0299999999999727,151.84,completed,,C:/Users/LENOVO/Desktop/David/Proyectos/Brazil_IP/paper/tables/firm/firm__main__levels__employment_log__coalition__2002_fixed__emp_weighted__all_firms__binary.tex,
firm__main__levels__employment_log__coalition__2002_fixed__emp_weighted__all_firms__pooled_count,main,employment_log,pooled_count,emp_weighted,2002_fixed,coalition,levels,all_firms,log_n_employees,12163306,6,0,0.038939596035484,1.97508445674286,153.58,0.0900000000001455,0.0500000000001819,153.72,completed,,C:/Users/LENOVO/Desktop/David/Proyectos/Brazil_IP/paper/tables/firm/firm__main__levels__employment_log__coalition__2002_fixed__emp_weighted__all_firms__pooled_count.tex,
firm__main__levels__employment_log__coalition__2002_fixed__unweighted__all_firms__binary,main,employment_log,binary,unweighted,2002_fixed,coalition,levels,all_firms,log_n_employees,39534589,6,0,40.777601895997,178.40122115008,248.57,0.230000000000018,0.110000000000127,248.91,completed,,C:/Users/LENOVO/Desktop/David/Proyectos/Brazil_IP/paper/tables/firm/firm__main__levels__employment_log__coalition__2002_fixed__unweighted__all_firms__binary.tex,
firm__main__levels__employment_log__coalition__2002_fixed__unweighted__all_firms__pooled_count,main,employment_log,pooled_count,unweighted,2002_fixed,coalition,levels,all_firms,log_n_employees,39534589,6,0,41.6199916096973,264.848605199254,267.89,0.119999999999891,0.0599999999999454,268.07,completed,,C:/Users/LENOVO/Desktop/David/Proyectos/Brazil_IP/paper/tables/firm/firm__main__levels__employment_log__coalition__2002_fixed__unweighted__all_firms__pooled_count.tex,
firm__main__levels__employment_log__party__2002_fixed__emp_share_weighted__all_firms__binary,main,employment_log,binary,emp_share_weighted,2002_fixed,party,levels,all_firms,log_n_employees,9735159,6,0,0.554187125686864,6.8792427646227,503.770000000001,0.00999999999839929,0.0200000000004366,503.799999999999,completed,,C:/Users/LENOVO/Desktop/David/Proyectos/Brazil_IP/paper/tables/firm/firm__main__levels__employment_log__party__2002_fixed__emp_share_weighted__all_firms__binary.tex,
firm__main__levels__employment_log__party__2002_fixed__emp_share_weighted__all_firms__pooled_count,main,employment_log,pooled_count,emp_share_weighted,2002_fixed,party,levels,all_firms,log_n_employees,9735159,6,0,0.118472662028637,3.03623694265429,491.759999999998,0,0.0200000000004366,491.779999999999,completed,,C:/Users/LENOVO/Desktop/David/Proyectos/Brazil_IP/paper/tables/firm/firm__main__levels__employment_log__party__2002_fixed__emp_share_weighted__all_firms__pooled_count.tex,
firm__main__levels__employment_log__party__2002_fixed__emp_weighted__all_firms__binary,main,employment_log,binary,emp_weighted,2002_fixed,party,levels,all_firms,log_n_employees,12163306,6,0,0.0149519065814882,2.49263485835583,158.94,0.150000000000091,0.0599999999999454,159.16,completed,,C:/Users/LENOVO/Desktop/David/Proyectos/Brazil_IP/paper/tables/firm/firm__main__levels__employment_log__party__2002_fixed__emp_weighted__all_firms__binary.tex,
firm__main__levels__employment_log__party__2002_fixed__emp_weighted__all_firms__pooled_count,main,employment_log,pooled_count,emp_weighted,2002_fixed,party,levels,all_firms,log_n_employees,12163306,6,0,0.00130387142637524,6.3605162227339,154.38,0.0500000000001819,0.0299999999997453,154.46,completed,,C:/Users/LENOVO/Desktop/David/Proyectos/Brazil_IP/paper/tables/firm/firm__main__levels__employment_log__party__2002_fixed__emp_weighted__all_firms__pooled_count.tex,
firm__main__levels__employment_log__party__2002_fixed__unweighted__all_firms__binary,main,employment_log,binary,unweighted,2002_fixed,party,levels,all_firms,log_n_employees,39534589,6,0,1.25747125277089,7.73609076454786,232.89,0.190000000000055,0.0900000000001455,233.17,completed,,C:/Users/LENOVO/Desktop/David/Proyectos/Brazil_IP/paper/tables/firm/firm__main__levels__employment_log__party__2002_fixed__unweighted__all_firms__binary.tex,
firm__main__levels__employment_log__party__2002_fixed__unweighted__all_firms__pooled_count,main,employment_log,pooled_count,unweighted,2002_fixed,party,levels,all_firms,log_n_employees,39534589,6,0,1.80953464013802,17.0217225708258,240.7,0.299999999999727,0.110000000000127,241.12,completed,,C:/Users/LENOVO/Desktop/David/Proyectos/Brazil_IP/paper/tables/firm/firm__main__levels__employment_log__party__2002_fixed__unweighted__all_firms__pooled_count.tex,
firm__main__levels__employment_share__coalition__2002_fixed__emp_share_weighted__all_firms__binary,main,employment_share,binary,emp_share_weighted,2002_fixed,coalition,levels,all_firms,emp_share_muni_rais,9735159,6,0,0.653808220234687,25.6137394126371,513.700000000001,0.0199999999967986,0,513.719999999998,completed,,C:/Users/LENOVO/Desktop/David/Proyectos/Brazil_IP/paper/tables/firm/firm__main__levels__employment_share__coalition__2002_fixed__emp_share_weighted__all_firms__binary.tex,
firm__main__levels__employment_share__coalition__2002_fixed__emp_share_weighted__all_firms__pooled_count,main,employment_share,pooled_count,emp_share_weighted,2002_fixed,coalition,levels,all_firms,emp_share_muni_rais,9735159,6,0,0.000262687462466494,47.0756897250831,511.349999999999,0,0.0100000000020373,511.360000000001,completed,,C:/Users/LENOVO/Desktop/David/Proyectos/Brazil_IP/paper/tables/firm/firm__main__levels__employment_share__coalition__2002_fixed__emp_share_weighted__all_firms__pooled_count.tex,
firm__main__levels__employment_share__coalition__2002_fixed__emp_weighted__all_firms__binary,main,employment_share,binary,emp_weighted,2002_fixed,coalition,levels,all_firms,emp_share_muni_rais,12163306,6,0,1.03184232031079,6.14105142508018,223.65,0.170000000000073,0.0799999999999272,223.9,completed,,C:/Users/LENOVO/Desktop/David/Proyectos/Brazil_IP/paper/tables/firm/firm__main__levels__employment_share__coalition__2002_fixed__emp_weighted__all_firms__binary.tex,
firm__main__levels__employment_share__coalition__2002_fixed__emp_weighted__all_firms__pooled_count,main,employment_share,pooled_count,emp_weighted,2002_fixed,coalition,levels,all_firms,emp_share_muni_rais,12163306,6,0,0.0355255978997446,44.0215981883963,227,0.0599999999999454,0.0500000000001819,227.11,completed,,C:/Users/LENOVO/Desktop/David/Proyectos/Brazil_IP/paper/tables/firm/firm__main__levels__employment_share__coalition__2002_fixed__emp_weighted__all_firms__pooled_count.tex,
firm__main__levels__employment_share__coalition__2002_fixed__unweighted__all_firms__binary,main,employment_share,binary,unweighted,2002_fixed,coalition,levels,all_firms,emp_share_muni_rais,39534589,6,0,2.32861728920087,11.081138850208,239.59,0.340000000000146,0.159999999999854,240.11,completed,,C:/Users/LENOVO/Desktop/David/Proyectos/Brazil_IP/paper/tables/firm/firm__main__levels__employment_share__coalition__2002_fixed__unweighted__all_firms__binary.tex,
firm__main__levels__employment_share__coalition__2002_fixed__unweighted__all_firms__pooled_count,main,employment_share,pooled_count,unweighted,2002_fixed,coalition,levels,all_firms,emp_share_muni_rais,39534589,6,0,19.2488987675999,35.2117058949543,239.849999999999,0.450000000000728,0.240000000000691,240.55,completed,,C:/Users/LENOVO/Desktop/David/Proyectos/Brazil_IP/paper/tables/firm/firm__main__levels__employment_share__coalition__2002_fixed__unweighted__all_firms__pooled_count.tex,
firm__main__levels__employment_share__coalition__2002_fixed__unweighted__bottom_3q__pooled_count,main,employment_share,pooled_count,unweighted,2002_fixed,coalition,levels,bottom_3q,emp_share_muni_rais,4766213,6,0,17.4898525300702,61.6838010611713,59.21,0.0699999999999932,0.0600000000000023,59.34,completed,,C:/Users/LENOVO/Desktop/David/Proyectos/Brazil_IP/paper/tables/firm/firm__main__levels__employment_share__coalition__2002_fixed__unweighted__bottom_3q__pooled_count.tex,
firm__main__levels__employment_share__coalition__2002_fixed__unweighted__top_q4__pooled_count,main,employment_share,pooled_count,unweighted,2002_fixed,coalition,levels,top_q4,emp_share_muni_rais,34724261,6,0,4.90928626326968,12.2377152509361,502.1,0.0800000000000409,0.0299999999999727,502.21,completed,,C:/Users/LENOVO/Desktop/David/Proyectos/Brazil_IP/paper/tables/firm/firm__main__levels__employment_share__coalition__2002_fixed__unweighted__top_q4__pooled_count.tex,
firm__main__levels__employment_share__party__2002_fixed__emp_share_weighted__all_firms__binary,main,employment_share,binary,emp_share_weighted,2002_fixed,party,levels,all_firms,emp_share_muni_rais,9735159,6,0,0.201955477446113,1.90755469337107,525.09,0.0199999999967986,0.0100000000020373,525.119999999999,completed,,C:/Users/LENOVO/Desktop/David/Proyectos/Brazil_IP/paper/tables/firm/firm__main__levels__employment_share__party__2002_fixed__emp_share_weighted__all_firms__binary.tex,
firm__main__levels__employment_share__party__2002_fixed__emp_share_weighted__all_firms__pooled_count,main,employment_share,pooled_count,emp_share_weighted,2002_fixed,party,levels,all_firms,emp_share_muni_rais,9735159,6,0,0.0399738713603232,7.05420788909628,515.48,0.0200000000004366,0.0100000000020373,515.510000000002,completed,,C:/Users/LENOVO/Desktop/David/Proyectos/Brazil_IP/paper/tables/firm/firm__main__levels__employment_share__party__2002_fixed__emp_share_weighted__all_firms__pooled_count.tex,
firm__main__levels__employment_share__party__2002_fixed__emp_weighted__all_firms__binary,main,employment_share,binary,emp_weighted,2002_fixed,party,levels,all_firms,emp_share_muni_rais,12163306,6,0,0.000387031381278657,1.89048265340727,227.780000000001,0.0799999999999272,0.0399999999999636,227.900000000001,completed,,C:/Users/LENOVO/Desktop/David/Proyectos/Brazil_IP/paper/tables/firm/firm__main__levels__employment_share__party__2002_fixed__emp_weighted__all_firms__binary.tex,
firm__main__levels__employment_share__party__2002_fixed__emp_weighted__all_firms__pooled_count,main,employment_share,pooled_count,emp_weighted,2002_fixed,party,levels,all_firms,emp_share_muni_rais,12163306,6,0,1.06243968266127,7.32446224864121,217.66,0.0399999999999636,0.0200000000004366,217.72,completed,,C:/Users/LENOVO/Desktop/David/Proyectos/Brazil_IP/paper/tables/firm/firm__main__levels__employment_share__party__2002_fixed__emp_weighted__all_firms__pooled_count.tex,
firm__main__levels__employment_share__party__2002_fixed__unweighted__all_firms__binary,main,employment_share,binary,unweighted,2002_fixed,party,levels,all_firms,emp_share_muni_rais,39534589,6,0,2.6648237361321,13.6179394157421,259.06,0.100000000000364,0.0799999999999272,259.240000000001,completed,,C:/Users/LENOVO/Desktop/David/Proyectos/Brazil_IP/paper/tables/firm/firm__main__levels__employment_share__party__2002_fixed__unweighted__all_firms__binary.tex,
firm__main__levels__employment_share__party__2002_fixed__unweighted__all_firms__pooled_count,main,employment_share,pooled_count,unweighted,2002_fixed,party,levels,all_firms,emp_share_muni_rais,39534589,6,0,8.55871879721672,52.1434221325518,240.139999999999,0.380000000000109,0.170000000000073,240.69,completed,,C:/Users/LENOVO/Desktop/David/Proyectos/Brazil_IP/paper/tables/firm/firm__main__levels__employment_share__party__2002_fixed__unweighted__all_firms__pooled_count.tex,
firm__interaction__levels__bndes_extensive__coalition__cycle_specific__emp_share_weighted__bottom_3q__binary,interaction,bndes_extensive,binary,emp_share_weighted,cycle_specific,coalition,levels,bottom_3q,has_bndes_fmt,2814479,3,0,0.983589019066782,4.52542202450231,97.71,0.169999999999988,0.0400000000000205,97.92,completed,,C:/Users/LENOVO/Desktop/David/Proyectos/Brazil_IP/paper/tables/firm/firm__interaction__levels__bndes_extensive__coalition__cycle_specific__emp_share_weighted__bottom_3q__binary.tex,
firm__interaction__levels__bndes_extensive__coalition__cycle_specific__emp_share_weighted__bottom_3q__pooled_count,interaction,bndes_extensive,pooled_count,emp_share_weighted,cycle_specific,coalition,levels,bottom_3q,has_bndes_fmt,2814479,3,0,1.1809875582628,6.4955151766082,98.64,0.0199999999999818,0.0200000000000102,98.68,completed,,C:/Users/LENOVO/Desktop/David/Proyectos/Brazil_IP/paper/tables/firm/firm__interaction__levels__bndes_extensive__coalition__cycle_specific__emp_share_weighted__bottom_3q__pooled_count.tex,
firm__interaction__levels__bndes_extensive__coalition__cycle_specific__emp_share_weighted__top_q4__binary,interaction,bndes_extensive,binary,emp_share_weighted,cycle_specific,coalition,levels,top_q4,has_bndes_fmt,20483210,3,0,1.53791279278665,2.03667250856417,264.3,0.0100000000001046,0.0199999999999818,264.33,completed,,C:/Users/LENOVO/Desktop/David/Proyectos/Brazil_IP/paper/tables/firm/firm__interaction__levels__bndes_extensive__coalition__cycle_specific__emp_share_weighted__top_q4__binary.tex,
firm__interaction__levels__bndes_extensive__coalition__cycle_specific__emp_share_weighted__top_q4__pooled_count,interaction,bndes_extensive,pooled_count,emp_share_weighted,cycle_specific,coalition,levels,top_q4,has_bndes_fmt,20483210,3,0,0.100588327519201,0.50062424682148,265.35,0.0300000000000864,0,265.38,completed,,C:/Users/LENOVO/Desktop/David/Proyectos/Brazil_IP/paper/tables/firm/firm__interaction__levels__bndes_extensive__coalition__cycle_specific__emp_share_weighted__top_q4__pooled_count.tex,
firm__interaction__levels__bndes_extensive__party__cycle_specific__emp_share_weighted__bottom_3q__binary,interaction,bndes_extensive,binary,emp_share_weighted,cycle_specific,party,levels,bottom_3q,has_bndes_fmt,2814479,3,0,0.189416253163147,0.417852370835429,94.28,0.0199999999999818,0,94.3,completed,,C:/Users/LENOVO/Desktop/David/Proyectos/Brazil_IP/paper/tables/firm/firm__interaction__levels__bndes_extensive__party__cycle_specific__emp_share_weighted__bottom_3q__binary.tex,
firm__interaction__levels__bndes_extensive__party__cycle_specific__emp_share_weighted__bottom_3q__pooled_count,interaction,bndes_extensive,pooled_count,emp_share_weighted,cycle_specific,party,levels,bottom_3q,has_bndes_fmt,2814479,3,0,1.37283079767017,1.94831083599532,96.3,0.0199999999999818,0,96.3199999999999,completed,,C:/Users/LENOVO/Desktop/David/Proyectos/Brazil_IP/paper/tables/firm/firm__interaction__levels__bndes_extensive__party__cycle_specific__emp_share_weighted__bottom_3q__pooled_count.tex,
firm__interaction__levels__bndes_extensive__party__cycle_specific__emp_share_weighted__top_q4__binary,interaction,bndes_extensive,binary,emp_share_weighted,cycle_specific,party,levels,top_q4,has_bndes_fmt,20483210,3,0,0.326820330807684,1.61911773650298,246.75,0.0299999999999727,0,246.78,completed,,C:/Users/LENOVO/Desktop/David/Proyectos/Brazil_IP/paper/tables/firm/firm__interaction__levels__bndes_extensive__party__cycle_specific__emp_share_weighted__top_q4__binary.tex,
firm__interaction__levels__bndes_extensive__party__cycle_specific__emp_share_weighted__top_q4__pooled_count,interaction,bndes_extensive,pooled_count,emp_share_weighted,cycle_specific,party,levels,top_q4,has_bndes_fmt,20483210,3,0,0.121794986847082,1.48334358882936,252.28,0.00999999999999091,0.0199999999999818,252.31,completed,,C:/Users/LENOVO/Desktop/David/Proyectos/Brazil_IP/paper/tables/firm/firm__interaction__levels__bndes_extensive__party__cycle_specific__emp_share_weighted__top_q4__pooled_count.tex,
firm__interaction__levels__bndes_extensive__party__cycle_specific__unweighted__bottom_3q__binary,interaction,bndes_extensive,binary,unweighted,cycle_specific,party,levels,bottom_3q,has_bndes_fmt,5197189,3,0,0.978312914875037,1.22791914900336,59.4,0.329999999999998,0.0600000000000023,59.79,completed,,C:/Users/LENOVO/Desktop/David/Proyectos/Brazil_IP/paper/tables/firm/firm__interaction__levels__bndes_extensive__party__cycle_specific__unweighted__bottom_3q__binary.tex,
firm__interaction__levels__bndes_extensive__party__cycle_specific__unweighted__bottom_3q__pooled_count,interaction,bndes_extensive,pooled_count,unweighted,cycle_specific,party,levels,bottom_3q,has_bndes_fmt,5197189,3,0,5.11287726538169,6.66884227649825,54.63,0.039999999999992,0,54.67,completed,,C:/Users/LENOVO/Desktop/David/Proyectos/Brazil_IP/paper/tables/firm/firm__interaction__levels__bndes_extensive__party__cycle_specific__unweighted__bottom_3q__pooled_count.tex,
firm__interaction__levels__bndes_extensive__party__cycle_specific__unweighted__top_q4__binary,interaction,bndes_extensive,binary,unweighted,cycle_specific,party,levels,top_q4,has_bndes_fmt,37924455,3,0,1.82901782469058,2.41415551893319,162.15,0.189999999999998,0.0600000000000023,162.4,completed,,C:/Users/LENOVO/Desktop/David/Proyectos/Brazil_IP/paper/tables/firm/firm__interaction__levels__bndes_extensive__party__cycle_specific__unweighted__top_q4__binary.tex,
firm__interaction__levels__bndes_extensive__party__cycle_specific__unweighted__top_q4__pooled_count,interaction,bndes_extensive,pooled_count,unweighted,cycle_specific,party,levels,top_q4,has_bndes_fmt,37924455,3,0,9.55830903384185,13.1298518778798,165.45,0.0600000000000023,0.0199999999999818,165.55,completed,,C:/Users/LENOVO/Desktop/David/Proyectos/Brazil_IP/paper/tables/firm/firm__interaction__levels__bndes_extensive__party__cycle_specific__unweighted__top_q4__pooled_count.tex,
firm__interaction__levels__employment_share__coalition__cycle_specific__emp_share_weighted__bottom_3q__binary,interaction,employment_share,binary,emp_share_weighted,cycle_specific,coalition,levels,bottom_3q,emp_share_muni_rais,2649020,3,0,7.97859984223093,12.2794372879471,94.1500000000001,0.0199999999999818,0,94.1700000000001,completed,,C:/Users/LENOVO/Desktop/David/Proyectos/Brazil_IP/paper/tables/firm/firm__interaction__levels__employment_share__coalition__cycle_specific__emp_share_weighted__bottom_3q__binary.tex,
firm__interaction__levels__employment_share__coalition__cycle_specific__emp_share_weighted__bottom_3q__pooled_count,interaction,employment_share,pooled_count,emp_share_weighted,cycle_specific,coalition,levels,bottom_3q,emp_share_muni_rais,2649020,3,0,3.99427591281158,20.7285212736024,94.6600000000001,0.00999999999999091,0,94.6700000000001,completed,,C:/Users/LENOVO/Desktop/David/Proyectos/Brazil_IP/paper/tables/firm/firm__interaction__levels__employment_share__coalition__cycle_specific__emp_share_weighted__bottom_3q__pooled_count.tex,
firm__interaction__levels__employment_share__coalition__cycle_specific__emp_share_weighted__top_q4__binary,interaction,employment_share,binary,emp_share_weighted,cycle_specific,coalition,levels,top_q4,emp_share_muni_rais,19236053,3,0,4.01509365166107,5.01763940360619,257.08,0.0499999999999545,0.00999999999999091,257.14,completed,,C:/Users/LENOVO/Desktop/David/Proyectos/Brazil_IP/paper/tables/firm/firm__interaction__levels__employment_share__coalition__cycle_specific__emp_share_weighted__top_q4__binary.tex,
firm__interaction__levels__employment_share__coalition__cycle_specific__emp_share_weighted__top_q4__pooled_count,interaction,employment_share,pooled_count,emp_share_weighted,cycle_specific,coalition,levels,top_q4,emp_share_muni_rais,19236053,3,0,0.830218318323718,15.1926271364661,260.05,0.0299999999997453,0,260.08,completed,,C:/Users/LENOVO/Desktop/David/Proyectos/Brazil_IP/paper/tables/firm/firm__interaction__levels__employment_share__coalition__cycle_specific__emp_share_weighted__top_q4__pooled_count.tex,
firm__interaction__levels__employment_share__party__cycle_specific__emp_share_weighted__bottom_3q__binary,interaction,employment_share,binary,emp_share_weighted,cycle_specific,party,levels,bottom_3q,emp_share_muni_rais,2649020,3,0,2.5743599062954,3.22323787154174,93.5300000000002,0.0299999999997453,0,93.5599999999999,completed,,C:/Users/LENOVO/Desktop/David/Proyectos/Brazil_IP/paper/tables/firm/firm__interaction__levels__employment_share__party__cycle_specific__emp_share_weighted__bottom_3q__binary.tex,
firm__interaction__levels__employment_share__party__cycle_specific__emp_share_weighted__bottom_3q__pooled_count,interaction,employment_share,pooled_count,emp_share_weighted,cycle_specific,party,levels,bottom_3q,emp_share_muni_rais,2649020,3,0,3.99490145052376,5.18527146347093,92.71,0,0.00999999999976353,92.7199999999998,completed,,C:/Users/LENOVO/Desktop/David/Proyectos/Brazil_IP/paper/tables/firm/firm__interaction__levels__employment_share__party__cycle_specific__emp_share_weighted__bottom_3q__pooled_count.tex,
firm__interaction__levels__employment_share__party__cycle_specific__emp_share_weighted__top_q4__binary,interaction,employment_share,binary,emp_share_weighted,cycle_specific,party,levels,top_q4,emp_share_muni_rais,19236053,3,0,4.30240300577808,5.37702085001358,246.03,0.0300000000002001,0,246.06,completed,,C:/Users/LENOVO/Desktop/David/Proyectos/Brazil_IP/paper/tables/firm/firm__interaction__levels__employment_share__party__cycle_specific__emp_share_weighted__top_q4__binary.tex,
firm__interaction__levels__employment_share__party__cycle_specific__emp_share_weighted__top_q4__pooled_count,interaction,employment_share,pooled_count,emp_share_weighted,cycle_specific,party,levels,top_q4,emp_share_muni_rais,19236053,3,0,1.73796375264749,2.62468604681931,251.29,0.0299999999997453,0,251.32,completed,,C:/Users/LENOVO/Desktop/David/Proyectos/Brazil_IP/paper/tables/firm/firm__interaction__levels__employment_share__party__cycle_specific__emp_share_weighted__top_q4__pooled_count.tex,
firm__interaction__levels__employment_share__party__cycle_specific__unweighted__bottom_3q__binary,interaction,employment_share,binary,unweighted,cycle_specific,party,levels,bottom_3q,emp_share_muni_rais,4766213,3,0,11.010174094035,16.8307597769882,57.02,0.00999999999999091,0.0199999999999818,57.05,completed,,C:/Users/LENOVO/Desktop/David/Proyectos/Brazil_IP/paper/tables/firm/firm__interaction__levels__employment_share__party__cycle_specific__unweighted__bottom_3q__binary.tex,
firm__interaction__levels__employment_share__party__cycle_specific__unweighted__bottom_3q__pooled_count,interaction,employment_share,pooled_count,unweighted,cycle_specific,party,levels,bottom_3q,emp_share_muni_rais,4766213,3,0,60.8195181074449,71.6889805910159,55.11,0.0399999999999636,0,55.16,completed,,C:/Users/LENOVO/Desktop/David/Proyectos/Brazil_IP/paper/tables/firm/firm__interaction__levels__employment_share__party__cycle_specific__unweighted__bottom_3q__pooled_count.tex,
firm__interaction__levels__employment_share__party__cycle_specific__unweighted__top_q4__binary,interaction,employment_share,binary,unweighted,cycle_specific,party,levels,top_q4,emp_share_muni_rais,34724261,3,0,3.6772768757663,4.87420621093817,145.2,0.0599999999999454,0.0299999999999727,145.29,completed,,C:/Users/LENOVO/Desktop/David/Proyectos/Brazil_IP/paper/tables/firm/firm__interaction__levels__employment_share__party__cycle_specific__unweighted__top_q4__binary.tex,
firm__interaction__levels__employment_share__party__cycle_specific__unweighted__top_q4__pooled_count,interaction,employment_share,pooled_count,unweighted,cycle_specific,party,levels,top_q4,emp_share_muni_rais,34724261,3,0,8.13752593217919,13.0572664134383,262.97,0.0600000000000591,0.0199999999999818,263.05,completed,,C:/Users/LENOVO/Desktop/David/Proyectos/Brazil_IP/paper/tables/firm/firm__interaction__levels__employment_share__party__cycle_specific__unweighted__top_q4__pooled_count.tex,
firm__interaction_mqemp__levels__bndes_extensive__coalition__cycle_specific__emp_share_weighted__bottom_3q__binary,interaction_mqemp,bndes_extensive,binary,emp_share_weighted,cycle_specific,coalition,levels,bottom_3q,has_bndes_fmt,2814479,6,0,0.0884349885784897,19.3463323747587,175.27,0.180000000000007,0.0500000000000114,175.5,completed,,C:/Users/LENOVO/Desktop/David/Proyectos/Brazil_IP/paper/tables/firm/firm__interaction_mqemp__levels__bndes_extensive__coalition__cycle_specific__emp_share_weighted__bottom_3q__binary.tex,
firm__interaction_mqemp__levels__bndes_extensive__coalition__cycle_specific__emp_share_weighted__bottom_3q__pooled_count,interaction_mqemp,bndes_extensive,pooled_count,emp_share_weighted,cycle_specific,coalition,levels,bottom_3q,has_bndes_fmt,2814479,6,0,0.408312824316003,35.8562832625357,169.2,0.0300000000000296,0,169.23,completed,,C:/Users/LENOVO/Desktop/David/Proyectos/Brazil_IP/paper/tables/firm/firm__interaction_mqemp__levels__bndes_extensive__coalition__cycle_specific__emp_share_weighted__bottom_3q__pooled_count.tex,
firm__interaction_mqemp__levels__bndes_extensive__coalition__cycle_specific__emp_share_weighted__top_q4__binary,interaction_mqemp,bndes_extensive,binary,emp_share_weighted,cycle_specific,coalition,levels,top_q4,has_bndes_fmt,20483210,6,0,1.51552014434132,8.62980813683881,517.02,0.0299999999999727,0.0199999999999818,517.07,completed,,C:/Users/LENOVO/Desktop/David/Proyectos/Brazil_IP/paper/tables/firm/firm__interaction_mqemp__levels__bndes_extensive__coalition__cycle_specific__emp_share_weighted__top_q4__binary.tex,
firm__interaction_mqemp__levels__bndes_extensive__coalition__cycle_specific__emp_share_weighted__top_q4__pooled_count,interaction_mqemp,bndes_extensive,pooled_count,emp_share_weighted,cycle_specific,coalition,levels,top_q4,has_bndes_fmt,20483210,6,0,9.23729846949782e-06,3.69006511982358,502.58,0.0199999999999818,0.00999999999999091,502.61,completed,,C:/Users/LENOVO/Desktop/David/Proyectos/Brazil_IP/paper/tables/firm/firm__interaction_mqemp__levels__bndes_extensive__coalition__cycle_specific__emp_share_weighted__top_q4__pooled_count.tex,
firm__interaction_mqemp__levels__bndes_extensive__coalition__cycle_specific__unweighted__all_firms__binary,interaction_mqemp,bndes_extensive,binary,unweighted,cycle_specific,coalition,levels,all_firms,has_bndes_fmt,43184682,6,0,3.79191607392397,9.44302651572641,471.42,0.490000000000009,0.0600000000000591,471.97,completed,,C:/Users/LENOVO/Desktop/David/Proyectos/Brazil_IP/paper/tables/firm/firm__interaction_mqemp__levels__bndes_extensive__coalition__cycle_specific__unweighted__all_firms__binary.tex,
firm__interaction_mqemp__levels__bndes_extensive__coalition__cycle_specific__unweighted__all_firms__pooled_count,interaction_mqemp,bndes_extensive,pooled_count,unweighted,cycle_specific,coalition,levels,all_firms,has_bndes_fmt,43184682,6,0,4.29937125305264,51.9130635372983,489.82,0.0999999999999091,0.0300000000000864,489.95,completed,,C:/Users/LENOVO/Desktop/David/Proyectos/Brazil_IP/paper/tables/firm/firm__interaction_mqemp__levels__bndes_extensive__coalition__cycle_specific__unweighted__all_firms__pooled_count.tex,
firm__interaction_mqemp__levels__bndes_extensive__coalition__cycle_specific__unweighted__bottom_3q__binary,interaction_mqemp,bndes_extensive,binary,unweighted,cycle_specific,coalition,levels,bottom_3q,has_bndes_fmt,5197189,6,0,0.0268261720848969,8.61380585274076,158.24,0.00999999999999091,0,158.25,completed,,C:/Users/LENOVO/Desktop/David/Proyectos/Brazil_IP/paper/tables/firm/firm__interaction_mqemp__levels__bndes_extensive__coalition__cycle_specific__unweighted__bottom_3q__binary.tex,
firm__interaction_mqemp__levels__bndes_extensive__coalition__cycle_specific__unweighted__bottom_3q__pooled_count,interaction_mqemp,bndes_extensive,pooled_count,unweighted,cycle_specific,coalition,levels,bottom_3q,has_bndes_fmt,5197189,6,0,0.114280812335832,61.1296610721004,156.47,0.0199999999999818,0.00999999999999091,156.5,completed,,C:/Users/LENOVO/Desktop/David/Proyectos/Brazil_IP/paper/tables/firm/firm__interaction_mqemp__levels__bndes_extensive__coalition__cycle_specific__unweighted__bottom_3q__pooled_count.tex,
firm__interaction_mqemp__levels__bndes_extensive__coalition__cycle_specific__unweighted__top_q4__binary,interaction_mqemp,bndes_extensive,binary,unweighted,cycle_specific,coalition,levels,top_q4,has_bndes_fmt,37924455,6,0,0.255337801638221,22.5626202713187,363.56,0.0300000000002001,0.0199999999999818,363.61,completed,,C:/Users/LENOVO/Desktop/David/Proyectos/Brazil_IP/paper/tables/firm/firm__interaction_mqemp__levels__bndes_extensive__coalition__cycle_specific__unweighted__top_q4__binary.tex,
firm__interaction_mqemp__levels__bndes_extensive__coalition__cycle_specific__unweighted__top_q4__pooled_count,interaction_mqemp,bndes_extensive,pooled_count,unweighted,cycle_specific,coalition,levels,top_q4,has_bndes_fmt,37924455,6,0,1.31779959945635,63.8592895813923,376.78,0.0300000000002001,0.0199999999999818,376.83,completed,,C:/Users/LENOVO/Desktop/David/Proyectos/Brazil_IP/paper/tables/firm/firm__interaction_mqemp__levels__bndes_extensive__coalition__cycle_specific__unweighted__top_q4__pooled_count.tex,
firm__interaction_mqemp__levels__bndes_extensive__party__cycle_specific__emp_share_weighted__bottom_3q__binary,interaction_mqemp,bndes_extensive,binary,emp_share_weighted,cycle_specific,party,levels,bottom_3q,has_bndes_fmt,2814479,6,0,0.0533977278914201,0.716036596867082,180.24,0.00999999999976353,0,180.25,completed,,C:/Users/LENOVO/Desktop/David/Proyectos/Brazil_IP/paper/tables/firm/firm__interaction_mqemp__levels__bndes_extensive__party__cycle_specific__emp_share_weighted__bottom_3q__binary.tex,
firm__interaction_mqemp__levels__bndes_extensive__party__cycle_specific__emp_share_weighted__bottom_3q__pooled_count,interaction_mqemp,bndes_extensive,pooled_count,emp_share_weighted,cycle_specific,party,levels,bottom_3q,has_bndes_fmt,2814479,6,0,0.0727752999839809,4.05198064044365,171.19,0.0100000000002183,0.0199999999999818,171.22,completed,,C:/Users/LENOVO/Desktop/David/Proyectos/Brazil_IP/paper/tables/firm/firm__interaction_mqemp__levels__bndes_extensive__party__cycle_specific__emp_share_weighted__bottom_3q__pooled_count.tex,
firm__interaction_mqemp__levels__bndes_extensive__party__cycle_specific__emp_share_weighted__top_q4__binary,interaction_mqemp,bndes_extensive,binary,emp_share_weighted,cycle_specific,party,levels,top_q4,has_bndes_fmt,20483210,6,0,0.15060340258175,0.959759983926771,475.28,0.0300000000002001,0.00999999999976353,475.32,completed,,C:/Users/LENOVO/Desktop/David/Proyectos/Brazil_IP/paper/tables/firm/firm__interaction_mqemp__levels__bndes_extensive__party__cycle_specific__emp_share_weighted__top_q4__binary.tex,
firm__interaction_mqemp__levels__bndes_extensive__party__cycle_specific__emp_share_weighted__top_q4__pooled_count,interaction_mqemp,bndes_extensive,pooled_count,emp_share_weighted,cycle_specific,party,levels,top_q4,has_bndes_fmt,20483210,6,0,0.0219007014743108,3.50782817116612,486.89,0.0399999999999636,0,486.93,completed,,C:/Users/LENOVO/Desktop/David/Proyectos/Brazil_IP/paper/tables/firm/firm__interaction_mqemp__levels__bndes_extensive__party__cycle_specific__emp_share_weighted__top_q4__pooled_count.tex,
firm__interaction_mqemp__levels__bndes_extensive__party__cycle_specific__unweighted__all_firms__binary,interaction_mqemp,bndes_extensive,binary,unweighted,cycle_specific,party,levels,all_firms,has_bndes_fmt,43184682,6,0,0.00167735231936385,5.94525966582281,484.78,0.0599999999999454,0.00999999999999091,484.87,completed,,C:/Users/LENOVO/Desktop/David/Proyectos/Brazil_IP/paper/tables/firm/firm__interaction_mqemp__levels__bndes_extensive__party__cycle_specific__unweighted__all_firms__binary.tex,
firm__interaction_mqemp__levels__bndes_extensive__party__cycle_specific__unweighted__all_firms__pooled_count,interaction_mqemp,bndes_extensive,pooled_count,unweighted,cycle_specific,party,levels,all_firms,has_bndes_fmt,43184682,6,0,10.18056681225,15.3844951281529,474.06,0.0700000000001637,0.0299999999999727,474.16,completed,,C:/Users/LENOVO/Desktop/David/Proyectos/Brazil_IP/paper/tables/firm/firm__interaction_mqemp__levels__bndes_extensive__party__cycle_specific__unweighted__all_firms__pooled_count.tex,
firm__interaction_mqemp__levels__bndes_extensive__party__cycle_specific__unweighted__bottom_3q__binary,interaction_mqemp,bndes_extensive,binary,unweighted,cycle_specific,party,levels,bottom_3q,has_bndes_fmt,5197189,6,0,0.0540495256203522,3.3651055750965,153.72,0,0.0199999999999818,153.74,completed,,C:/Users/LENOVO/Desktop/David/Proyectos/Brazil_IP/paper/tables/firm/firm__interaction_mqemp__levels__bndes_extensive__party__cycle_specific__unweighted__bottom_3q__binary.tex,
firm__interaction_mqemp__levels__bndes_extensive__party__cycle_specific__unweighted__bottom_3q__pooled_count,interaction_mqemp,bndes_extensive,pooled_count,unweighted,cycle_specific,party,levels,bottom_3q,has_bndes_fmt,5197189,6,0,4.21126092226224,13.5211949257083,152.15,0.0199999999999818,0.0199999999999818,152.19,completed,,C:/Users/LENOVO/Desktop/David/Proyectos/Brazil_IP/paper/tables/firm/firm__interaction_mqemp__levels__bndes_extensive__party__cycle_specific__unweighted__bottom_3q__pooled_count.tex,
firm__interaction_mqemp__levels__bndes_extensive__party__cycle_specific__unweighted__top_q4__binary,interaction_mqemp,bndes_extensive,binary,unweighted,cycle_specific,party,levels,top_q4,has_bndes_fmt,37924455,6,0,0.0763644019961826,6.97816384706902,358.67,0.0500000000001819,0.00999999999930878,358.73,completed,,C:/Users/LENOVO/Desktop/David/Proyectos/Brazil_IP/paper/tables/firm/firm__interaction_mqemp__levels__bndes_extensive__party__cycle_specific__unweighted__top_q4__binary.tex,
firm__interaction_mqemp__levels__bndes_extensive__party__cycle_specific__unweighted__top_q4__pooled_count,interaction_mqemp,bndes_extensive,pooled_count,unweighted,cycle_specific,party,levels,top_q4,has_bndes_fmt,37924455,6,0,13.3718996023784,21.0631261763929,369.48,0.069999999999709,0.0100000000002183,369.56,completed,,C:/Users/LENOVO/Desktop/David/Proyectos/Brazil_IP/paper/tables/firm/firm__interaction_mqemp__levels__bndes_extensive__party__cycle_specific__unweighted__top_q4__pooled_count.tex,
firm__interaction_mqemp__levels__bndes_intensive__coalition__cycle_specific__unweighted__all_firms__binary,interaction_mqemp,bndes_intensive,binary,unweighted,cycle_specific,coalition,levels,all_firms,log_bndes_fmt,472346,6,0,0.576111416539023,1.91657156143935,140.16,0.0199999999999818,0.00999999999976353,140.19,completed,,C:/Users/LENOVO/Desktop/David/Proyectos/Brazil_IP/paper/tables/firm/firm__interaction_mqemp__levels__bndes_intensive__coalition__cycle_specific__unweighted__all_firms__binary.tex,
firm__interaction_mqemp__levels__bndes_intensive__coalition__cycle_specific__unweighted__all_firms__pooled_count,interaction_mqemp,bndes_intensive,pooled_count,unweighted,cycle_specific,coalition,levels,all_firms,log_bndes_fmt,472346,6,0,1.14363847606589,3.02890791959784,137.66,0.0199999999999818,0,137.68,completed,,C:/Users/LENOVO/Desktop/David/Proyectos/Brazil_IP/paper/tables/firm/firm__interaction_mqemp__levels__bndes_intensive__coalition__cycle_specific__unweighted__all_firms__pooled_count.tex,
firm__interaction_mqemp__levels__bndes_intensive__party__cycle_specific__unweighted__all_firms__binary,interaction_mqemp,bndes_intensive,binary,unweighted,cycle_specific,party,levels,all_firms,log_bndes_fmt,472346,6,0,0.93381055874094,2.9312019028745,134.3,0.00999999999976353,0,134.31,completed,,C:/Users/LENOVO/Desktop/David/Proyectos/Brazil_IP/paper/tables/firm/firm__interaction_mqemp__levels__bndes_intensive__party__cycle_specific__unweighted__all_firms__binary.tex,
firm__interaction_mqemp__levels__bndes_intensive__party__cycle_specific__unweighted__all_firms__pooled_count,interaction_mqemp,bndes_intensive,pooled_count,unweighted,cycle_specific,party,levels,all_firms,log_bndes_fmt,472346,6,0,1.82152822906163,2.51983989679068,135.41,0.0100000000002183,0.0199999999999818,135.44,completed,,C:/Users/LENOVO/Desktop/David/Proyectos/Brazil_IP/paper/tables/firm/firm__interaction_mqemp__levels__bndes_intensive__party__cycle_specific__unweighted__all_firms__pooled_count.tex,
firm__interaction_mqemp__levels__employment_log__coalition__cycle_specific__unweighted__all_firms__binary,interaction_mqemp,employment_log,binary,unweighted,cycle_specific,coalition,levels,all_firms,log_n_employees,39534589,6,0,13.3505818327917,18.5507353469872,490.15,0.159999999999854,0.0300000000002001,490.36,completed,,C:/Users/LENOVO/Desktop/David/Proyectos/Brazil_IP/paper/tables/firm/firm__interaction_mqemp__levels__employment_log__coalition__cycle_specific__unweighted__all_firms__binary.tex,
firm__interaction_mqemp__levels__employment_log__coalition__cycle_specific__unweighted__all_firms__pooled_count,interaction_mqemp,employment_log,pooled_count,unweighted,cycle_specific,coalition,levels,all_firms,log_n_employees,39534589,6,0,23.9461037443032,109.587298224967,503.11,0.0799999999999272,0.0300000000002001,503.24,completed,,C:/Users/LENOVO/Desktop/David/Proyectos/Brazil_IP/paper/tables/firm/firm__interaction_mqemp__levels__employment_log__coalition__cycle_specific__unweighted__all_firms__pooled_count.tex,
firm__interaction_mqemp__levels__employment_log__party__cycle_specific__unweighted__all_firms__binary,interaction_mqemp,employment_log,binary,unweighted,cycle_specific,party,levels,all_firms,log_n_employees,39534589,6,0,9.66246665501281,18.5875032894539,498.53,0.0500000000001819,0.0100000000002183,498.59,completed,,C:/Users/LENOVO/Desktop/David/Proyectos/Brazil_IP/paper/tables/firm/firm__interaction_mqemp__levels__employment_log__party__cycle_specific__unweighted__all_firms__binary.tex,
firm__interaction_mqemp__levels__employment_log__party__cycle_specific__unweighted__all_firms__pooled_count,interaction_mqemp,employment_log,pooled_count,unweighted,cycle_specific,party,levels,all_firms,log_n_employees,39534589,6,0,22.4216906848334,59.5647582698823,491.27,0.0500000000001819,0.0100000000002183,491.33,completed,,C:/Users/LENOVO/Desktop/David/Proyectos/Brazil_IP/paper/tables/firm/firm__interaction_mqemp__levels__employment_log__party__cycle_specific__unweighted__all_firms__pooled_count.tex,
firm__interaction_mqemp__levels__employment_share__coalition__cycle_specific__unweighted__all_firms__binary,interaction_mqemp,employment_share,binary,unweighted,cycle_specific,coalition,levels,all_firms,emp_share_muni_rais,39534589,6,0,13.4885470742748,35.9378205814257,484.9,0.0600000000004002,0.00999999999930878,484.969999999999,completed,,C:/Users/LENOVO/Desktop/David/Proyectos/Brazil_IP/paper/tables/firm/firm__interaction_mqemp__levels__employment_share__coalition__cycle_specific__unweighted__all_firms__binary.tex,
firm__interaction_mqemp__levels__employment_share__coalition__cycle_specific__unweighted__all_firms__pooled_count,interaction_mqemp,employment_share,pooled_count,unweighted,cycle_specific,coalition,levels,all_firms,emp_share_muni_rais,39534589,6,0,113.884350914413,253.618439420963,505.730000000001,0.0900000000001455,0.0199999999995271,505.84,completed,,C:/Users/LENOVO/Desktop/David/Proyectos/Brazil_IP/paper/tables/firm/firm__interaction_mqemp__levels__employment_share__coalition__cycle_specific__unweighted__all_firms__pooled_count.tex,
firm__interaction_mqemp__levels__employment_share__party__cycle_specific__unweighted__all_firms__binary,interaction_mqemp,employment_share,binary,unweighted,cycle_specific,party,levels,all_firms,emp_share_muni_rais,39534589,6,0,7.09383928868251,19.3129822082172,482.379999999999,0.0600000000004002,0.0299999999997453,482.469999999999,completed,,C:/Users/LENOVO/Desktop/David/Proyectos/Brazil_IP/paper/tables/firm/firm__interaction_mqemp__levels__employment_share__party__cycle_specific__unweighted__all_firms__binary.tex,
firm__interaction_mqemp__levels__employment_share__party__cycle_specific__unweighted__all_firms__pooled_count,interaction_mqemp,employment_share,pooled_count,unweighted,cycle_specific,party,levels,all_firms,emp_share_muni_rais,39534589,6,0,41.0221676090693,81.9502929782549,479.78,0.0900000000001455,0.0199999999995271,479.889999999999,completed,,C:/Users/LENOVO/Desktop/David/Proyectos/Brazil_IP/paper/tables/firm/firm__interaction_mqemp__levels__employment_share__party__cycle_specific__unweighted__all_firms__pooled_count.tex,
firm__main__levels__bndes_extensive__coalition__cycle_specific__emp_share_weighted__all_firms__binary,main,bndes_extensive,binary,emp_share_weighted,cycle_specific,coalition,levels,all_firms,has_bndes_fmt,23309976,6,0,0.0180562804680147,21.7238123459363,521.55,0.230000000000018,0.0499999999999545,521.83,completed,,C:/Users/LENOVO/Desktop/David/Proyectos/Brazil_IP/paper/tables/firm/firm__main__levels__bndes_extensive__coalition__cycle_specific__emp_share_weighted__all_firms__binary.tex,
firm__main__levels__bndes_extensive__coalition__cycle_specific__emp_share_weighted__all_firms__pooled_count,main,bndes_extensive,pooled_count,emp_share_weighted,cycle_specific,coalition,levels,all_firms,has_bndes_fmt,23309976,6,0,0.39874462530473,38.1657787791739,465.22,0.0199999999999818,0.00999999999999091,465.25,completed,,C:/Users/LENOVO/Desktop/David/Proyectos/Brazil_IP/paper/tables/firm/firm__main__levels__bndes_extensive__coalition__cycle_specific__emp_share_weighted__all_firms__pooled_count.tex,
firm__main__levels__bndes_extensive__coalition__cycle_specific__emp_share_weighted__bottom_3q__binary,main,bndes_extensive,binary,emp_share_weighted,cycle_specific,coalition,levels,bottom_3q,has_bndes_fmt,2814479,6,0,0.0884349885784897,19.3463323747587,168.06,0.00999999999976353,0.0199999999999818,168.09,completed,,C:/Users/LENOVO/Desktop/David/Proyectos/Brazil_IP/paper/tables/firm/firm__main__levels__bndes_extensive__coalition__cycle_specific__emp_share_weighted__bottom_3q__binary.tex,
firm__main__levels__bndes_extensive__coalition__cycle_specific__emp_share_weighted__bottom_3q__pooled_count,main,bndes_extensive,pooled_count,emp_share_weighted,cycle_specific,coalition,levels,bottom_3q,has_bndes_fmt,2814479,6,0,0.408312824316003,35.8562832625357,169.74,0.0100000000002183,0.0199999999999818,169.77,completed,,C:/Users/LENOVO/Desktop/David/Proyectos/Brazil_IP/paper/tables/firm/firm__main__levels__bndes_extensive__coalition__cycle_specific__emp_share_weighted__bottom_3q__pooled_count.tex,
firm__main__levels__bndes_extensive__coalition__cycle_specific__emp_share_weighted__top_q4__binary,main,bndes_extensive,binary,emp_share_weighted,cycle_specific,coalition,levels,top_q4,has_bndes_fmt,20483210,6,0,1.51552014434132,8.62980813682672,417.31,0.0399999999999636,0,417.35,completed,,C:/Users/LENOVO/Desktop/David/Proyectos/Brazil_IP/paper/tables/firm/firm__main__levels__bndes_extensive__coalition__cycle_specific__emp_share_weighted__top_q4__binary.tex,
firm__main__levels__bndes_extensive__coalition__cycle_specific__emp_share_weighted__top_q4__pooled_count,main,bndes_extensive,pooled_count,emp_share_weighted,cycle_specific,coalition,levels,top_q4,has_bndes_fmt,20483210,6,0,9.23729846963126e-06,3.69006511982493,419.72,0.00999999999976353,0.0199999999999818,419.75,completed,,C:/Users/LENOVO/Desktop/David/Proyectos/Brazil_IP/paper/tables/firm/firm__main__levels__bndes_extensive__coalition__cycle_specific__emp_share_weighted__top_q4__pooled_count.tex,
firm__main__levels__bndes_extensive__coalition__cycle_specific__emp_weighted__all_firms__binary,main,bndes_extensive,binary,emp_weighted,cycle_specific,coalition,levels,all_firms,has_bndes_fmt,26314333,6,0,0.611515485079683,7.24718463933655,282.08,0.220000000000027,0.0699999999999363,282.37,completed,,C:/Users/LENOVO/Desktop/David/Proyectos/Brazil_IP/paper/tables/firm/firm__main__levels__bndes_extensive__coalition__cycle_specific__emp_weighted__all_firms__binary.tex,
firm__main__levels__bndes_extensive__coalition__cycle_specific__emp_weighted__all_firms__pooled_count,main,bndes_extensive,pooled_count,emp_weighted,cycle_specific,coalition,levels,all_firms,has_bndes_fmt,26314333,6,0,0.232211596812555,15.0403286672377,235.56,0.0800000000001546,0.0399999999999636,235.68,completed,,C:/Users/LENOVO/Desktop/David/Proyectos/Brazil_IP/paper/tables/firm/firm__main__levels__bndes_extensive__coalition__cycle_specific__emp_weighted__all_firms__pooled_count.tex,
firm__main__levels__bndes_extensive__party__cycle_specific__emp_share_weighted__all_firms__binary,main,bndes_extensive,binary,emp_share_weighted,cycle_specific,party,levels,all_firms,has_bndes_fmt,23309976,6,0,0.00531823144303025,0.89409558286323,496.45,0.0199999999999818,0.00999999999999091,496.48,completed,,C:/Users/LENOVO/Desktop/David/Proyectos/Brazil_IP/paper/tables/firm/firm__main__levels__bndes_extensive__party__cycle_specific__emp_share_weighted__all_firms__binary.tex,
firm__main__levels__bndes_extensive__party__cycle_specific__emp_share_weighted__all_firms__pooled_count,main,bndes_extensive,pooled_count,emp_share_weighted,cycle_specific,party,levels,all_firms,has_bndes_fmt,23309976,6,0,0.0808206038929966,2.82371148312668,486.07,0.0199999999999818,0.0200000000002092,486.11,completed,,C:/Users/LENOVO/Desktop/David/Proyectos/Brazil_IP/paper/tables/firm/firm__main__levels__bndes_extensive__party__cycle_specific__emp_share_weighted__all_firms__pooled_count.tex,
firm__main__levels__bndes_extensive__party__cycle_specific__emp_share_weighted__bottom_3q__binary,main,bndes_extensive,binary,emp_share_weighted,cycle_specific,party,levels,bottom_3q,has_bndes_fmt,2814479,6,0,0.0533977278914201,0.716036596867082,172.85,0.00999999999930878,0.0200000000004366,172.88,completed,,C:/Users/LENOVO/Desktop/David/Proyectos/Brazil_IP/paper/tables/firm/firm__main__levels__bndes_extensive__party__cycle_specific__emp_share_weighted__bottom_3q__binary.tex,
firm__main__levels__bndes_extensive__party__cycle_specific__emp_share_weighted__bottom_3q__pooled_count,main,bndes_extensive,pooled_count,emp_share_weighted,cycle_specific,party,levels,bottom_3q,has_bndes_fmt,2814479,6,0,0.0727752999839809,4.05198064044365,171.81,0,0.0199999999995271,171.83,completed,,C:/Users/LENOVO/Desktop/David/Proyectos/Brazil_IP/paper/tables/firm/firm__main__levels__bndes_extensive__party__cycle_specific__emp_share_weighted__bottom_3q__pooled_count.tex,
firm__main__levels__bndes_extensive__party__cycle_specific__emp_share_weighted__top_q4__binary,main,bndes_extensive,binary,emp_share_weighted,cycle_specific,party,levels,top_q4,has_bndes_fmt,20483210,6,0,0.150603402581988,0.959759983926185,412.95,0.0299999999997453,0.0200000000004366,413,completed,,C:/Users/LENOVO/Desktop/David/Proyectos/Brazil_IP/paper/tables/firm/firm__main__levels__bndes_extensive__party__cycle_specific__emp_share_weighted__top_q4__binary.tex,
firm__main__levels__bndes_extensive__party__cycle_specific__emp_share_weighted__top_q4__pooled_count,main,bndes_extensive,pooled_count,emp_share_weighted,cycle_specific,party,levels,top_q4,has_bndes_fmt,20483210,6,0,0.0219007014742873,3.50782817116361,416.58,0.0300000000006548,0.0199999999995271,416.63,completed,,C:/Users/LENOVO/Desktop/David/Proyectos/Brazil_IP/paper/tables/firm/firm__main__levels__bndes_extensive__party__cycle_specific__emp_share_weighted__top_q4__pooled_count.tex,
firm__main__levels__bndes_extensive__party__cycle_specific__unweighted__bottom_3q__binary,main,bndes_extensive,binary,unweighted,cycle_specific,party,levels,bottom_3q,has_bndes_fmt,5197189,6,0,0.0540495256201664,3.36510557509666,57.2199999999999,0.0900000000001455,0.0799999999999272,57.41,completed,,C:/Users/LENOVO/Desktop/David/Proyectos/Brazil_IP/paper/tables/firm/firm__main__levels__bndes_extensive__party__cycle_specific__unweighted__bottom_3q__binary.tex,
firm__main__levels__bndes_extensive__party__cycle_specific__unweighted__bottom_3q__pooled_count,main,bndes_extensive,pooled_count,unweighted,cycle_specific,party,levels,bottom_3q,has_bndes_fmt,5197189,6,0,4.21126092226185,13.5211949257144,58.1700000000001,0.0599999999999454,0.0299999999999727,58.26,completed,,C:/Users/LENOVO/Desktop/David/Proyectos/Brazil_IP/paper/tables/firm/firm__main__levels__bndes_extensive__party__cycle_specific__unweighted__bottom_3q__pooled_count.tex,
firm__main__levels__bndes_extensive__party__cycle_specific__unweighted__top_q4__binary,main,bndes_extensive,binary,unweighted,cycle_specific,party,levels,top_q4,has_bndes_fmt,37924455,6,0,0.0763644019941726,6.97816384703846,318.69,0.0299999999999727,0.0199999999999818,318.74,completed,,C:/Users/LENOVO/Desktop/David/Proyectos/Brazil_IP/paper/tables/firm/firm__main__levels__bndes_extensive__party__cycle_specific__unweighted__top_q4__binary.tex,
firm__main__levels__bndes_extensive__party__cycle_specific__unweighted__top_q4__pooled_count,main,bndes_extensive,pooled_count,unweighted,cycle_specific,party,levels,top_q4,has_bndes_fmt,37924455,6,0,13.3718996023784,21.0631261763929,339.21,0.0499999999999545,0.0199999999999818,339.28,completed,,C:/Users/LENOVO/Desktop/David/Proyectos/Brazil_IP/paper/tables/firm/firm__main__levels__bndes_extensive__party__cycle_specific__unweighted__top_q4__pooled_count.tex,
firm__main__levels__bndes_intensive__coalition__cycle_specific__emp_share_weighted__all_firms__binary,main,bndes_intensive,binary,emp_share_weighted,cycle_specific,coalition,levels,all_firms,log_bndes_fmt,304842,6,0,0.496009464657098,0.75966356463617,164.67,0.0199999999999818,0.00999999999976353,164.7,completed,,C:/Users/LENOVO/Desktop/David/Proyectos/Brazil_IP/paper/tables/firm/firm__main__levels__bndes_intensive__coalition__cycle_specific__emp_share_weighted__all_firms__binary.tex,
firm__main__levels__bndes_intensive__coalition__cycle_specific__emp_share_weighted__all_firms__pooled_count,main,bndes_intensive,pooled_count,emp_share_weighted,cycle_specific,coalition,levels,all_firms,log_bndes_fmt,304842,6,0,0.0365674693865926,0.154807720165227,163.2,0.0199999999999818,0.00999999999976353,163.23,completed,,C:/Users/LENOVO/Desktop/David/Proyectos/Brazil_IP/paper/tables/firm/firm__main__levels__bndes_intensive__coalition__cycle_specific__emp_share_weighted__all_firms__pooled_count.tex,
firm__main__levels__bndes_intensive__party__cycle_specific__emp_share_weighted__all_firms__binary,main,bndes_intensive,binary,emp_share_weighted,cycle_specific,party,levels,all_firms,log_bndes_fmt,304842,6,0,0.00548111802319391,2.89181907688431,171.11,0.0100000000002183,0,171.12,completed,,C:/Users/LENOVO/Desktop/David/Proyectos/Brazil_IP/paper/tables/firm/firm__main__levels__bndes_intensive__party__cycle_specific__emp_share_weighted__all_firms__binary.tex,
firm__main__levels__bndes_intensive__party__cycle_specific__emp_share_weighted__all_firms__pooled_count,main,bndes_intensive,pooled_count,emp_share_weighted,cycle_specific,party,levels,all_firms,log_bndes_fmt,304842,6,0,0.0234361781020593,3.18584685326237,157.19,0.00999999999976353,0,157.2,completed,,C:/Users/LENOVO/Desktop/David/Proyectos/Brazil_IP/paper/tables/firm/firm__main__levels__bndes_intensive__party__cycle_specific__emp_share_weighted__all_firms__pooled_count.tex,
firm__main__levels__employment_log__coalition__cycle_specific__emp_share_weighted__all_firms__binary,main,employment_log,binary,emp_share_weighted,cycle_specific,coalition,levels,all_firms,log_n_employees,21896479,6,0,0.453836718184365,5.91203010266446,534.14,0.00999999999976353,0.0199999999999818,534.17,completed,,C:/Users/LENOVO/Desktop/David/Proyectos/Brazil_IP/paper/tables/firm/firm__main__levels__employment_log__coalition__cycle_specific__emp_share_weighted__all_firms__binary.tex,
firm__main__levels__employment_log__coalition__cycle_specific__emp_share_weighted__all_firms__pooled_count,main,employment_log,pooled_count,emp_share_weighted,cycle_specific,coalition,levels,all_firms,log_n_employees,21896479,6,0,0.99354952132825,15.8292344075802,525.89,0.0499999999997272,0.0100000000002183,525.95,completed,,C:/Users/LENOVO/Desktop/David/Proyectos/Brazil_IP/paper/tables/firm/firm__main__levels__employment_log__coalition__cycle_specific__emp_share_weighted__all_firms__pooled_count.tex,
firm__main__levels__employment_log__party__cycle_specific__emp_share_weighted__all_firms__binary,main,employment_log,binary,emp_share_weighted,cycle_specific,party,levels,all_firms,log_n_employees,21896479,6,0,0.174082961794834,6.97748475494014,537.86,0.0100000000002183,0.0199999999995271,537.89,completed,,C:/Users/LENOVO/Desktop/David/Proyectos/Brazil_IP/paper/tables/firm/firm__main__levels__employment_log__party__cycle_specific__emp_share_weighted__all_firms__binary.tex,
firm__main__levels__employment_log__party__cycle_specific__emp_share_weighted__all_firms__pooled_count,main,employment_log,pooled_count,emp_share_weighted,cycle_specific,party,levels,all_firms,log_n_employees,21896479,6,0,0.146299889856778,2.50588445042543,523.04,0.0200000000004366,0.0100000000002183,523.070000000001,completed,,C:/Users/LENOVO/Desktop/David/Proyectos/Brazil_IP/paper/tables/firm/firm__main__levels__employment_log__party__cycle_specific__emp_share_weighted__all_firms__pooled_count.tex,
firm__main__levels__employment_share__coalition__cycle_specific__emp_share_weighted__all_firms__binary,main,employment_share,binary,emp_share_weighted,cycle_specific,coalition,levels,all_firms,emp_share_muni_rais,21896479,6,0,14.8802311847695,25.4510743462581,3662.36,0.0300000000006548,0.0100000000002183,3662.4,completed,,C:/Users/LENOVO/Desktop/David/Proyectos/Brazil_IP/paper/tables/firm/firm__main__levels__employment_share__coalition__cycle_specific__emp_share_weighted__all_firms__binary.tex,
firm__main__levels__employment_share__coalition__cycle_specific__emp_share_weighted__all_firms__pooled_count,main,employment_share,pooled_count,emp_share_weighted,cycle_specific,coalition,levels,all_firms,emp_share_muni_rais,21896479,6,0,5.50032805233055,71.9850992706128,3661.55,0.0100000000002183,0.0200000000004366,3661.58,completed,,C:/Users/LENOVO/Desktop/David/Proyectos/Brazil_IP/paper/tables/firm/firm__main__levels__employment_share__coalition__cycle_specific__emp_share_weighted__all_firms__pooled_count.tex,
firm__main__levels__employment_share__coalition__cycle_specific__emp_share_weighted__bottom_3q__binary,main,employment_share,binary,emp_share_weighted,cycle_specific,coalition,levels,bottom_3q,emp_share_muni_rais,2649020,6,0,11.942710782681,21.773239921624,185.030000000001,0.0199999999995271,0.0100000000002183,185.06,completed,,C:/Users/LENOVO/Desktop/David/Proyectos/Brazil_IP/paper/tables/firm/firm__main__levels__employment_share__coalition__cycle_specific__emp_share_weighted__bottom_3q__binary.tex,
firm__main__levels__employment_share__coalition__cycle_specific__emp_share_weighted__bottom_3q__pooled_count,main,employment_share,pooled_count,emp_share_weighted,cycle_specific,coalition,levels,bottom_3q,emp_share_muni_rais,2649020,6,0,4.62217187137996,60.3207497749569,180.28,0.0100000000002183,0,180.29,completed,,C:/Users/LENOVO/Desktop/David/Proyectos/Brazil_IP/paper/tables/firm/firm__main__levels__employment_share__coalition__cycle_specific__emp_share_weighted__bottom_3q__pooled_count.tex,
firm__main__levels__employment_share__coalition__cycle_specific__emp_share_weighted__top_q4__binary,main,employment_share,binary,emp_share_weighted,cycle_specific,coalition,levels,top_q4,emp_share_muni_rais,19236053,6,0,2.89353403386434,15.3522487763437,417.78,0.0100000000002183,0.0200000000004366,417.81,completed,,C:/Users/LENOVO/Desktop/David/Proyectos/Brazil_IP/paper/tables/firm/firm__main__levels__employment_share__coalition__cycle_specific__emp_share_weighted__top_q4__binary.tex,
firm__main__levels__employment_share__coalition__cycle_specific__emp_share_weighted__top_q4__pooled_count,main,employment_share,pooled_count,emp_share_weighted,cycle_specific,coalition,levels,top_q4,emp_share_muni_rais,19236053,6,0,0.625943745079162,51.4344985347155,418.7,0.0299999999997453,0,418.73,completed,,C:/Users/LENOVO/Desktop/David/Proyectos/Brazil_IP/paper/tables/firm/firm__main__levels__employment_share__coalition__cycle_specific__emp_share_weighted__top_q4__pooled_count.tex,
firm__main__levels__employment_share__party__cycle_specific__emp_share_weighted__all_firms__binary,main,employment_share,binary,emp_share_weighted,cycle_specific,party,levels,all_firms,emp_share_muni_rais,21896479,6,0,4.76899240578453,8.24610338994493,3696.36,0.0200000000004366,0.0100000000002183,3696.39,completed,,C:/Users/LENOVO/Desktop/David/Proyectos/Brazil_IP/paper/tables/firm/firm__main__levels__employment_share__party__cycle_specific__emp_share_weighted__all_firms__binary.tex,
firm__main__levels__employment_share__party__cycle_specific__emp_share_weighted__all_firms__pooled_count,main,employment_share,pooled_count,emp_share_weighted,cycle_specific,party,levels,all_firms,emp_share_muni_rais,21896479,6,0,0.188923782947758,8.71281258137428,3656.47,0.0299999999988358,0.0200000000004366,3656.52,completed,,C:/Users/LENOVO/Desktop/David/Proyectos/Brazil_IP/paper/tables/firm/firm__main__levels__employment_share__party__cycle_specific__emp_share_weighted__all_firms__pooled_count.tex,
firm__main__levels__employment_share__party__cycle_specific__emp_share_weighted__bottom_3q__binary,main,employment_share,binary,emp_share_weighted,cycle_specific,party,levels,bottom_3q,emp_share_muni_rais,2649020,6,0,1.72877355316259,7.23914543569914,183.92,0.0200000000004366,0,183.940000000001,completed,,C:/Users/LENOVO/Desktop/David/Proyectos/Brazil_IP/paper/tables/firm/firm__main__levels__employment_share__party__cycle_specific__emp_share_weighted__bottom_3q__binary.tex,
firm__main__levels__employment_share__party__cycle_specific__emp_share_weighted__bottom_3q__pooled_count,main,employment_share,pooled_count,emp_share_weighted,cycle_specific,party,levels,bottom_3q,emp_share_muni_rais,2649020,6,0,2.2458985530063,7.21824019974735,181.21,0.0100000000002183,0.0199999999995271,181.24,completed,,C:/Users/LENOVO/Desktop/David/Proyectos/Brazil_IP/paper/tables/firm/firm__main__levels__employment_share__party__cycle_specific__emp_share_weighted__bottom_3q__pooled_count.tex,
firm__main__levels__employment_share__party__cycle_specific__emp_share_weighted__top_q4__binary,main,employment_share,binary,emp_share_weighted,cycle_specific,party,levels,top_q4,emp_share_muni_rais,19236053,6,0,3.10655853627796,11.7722901760885,412.37,0.0200000000004366,0.00999999999930878,412.4,completed,,C:/Users/LENOVO/Desktop/David/Proyectos/Brazil_IP/paper/tables/firm/firm__main__levels__employment_share__party__cycle_specific__emp_share_weighted__top_q4__binary.tex,
firm__main__levels__employment_share__party__cycle_specific__emp_share_weighted__top_q4__pooled_count,main,employment_share,pooled_count,emp_share_weighted,cycle_specific,party,levels,top_q4,emp_share_muni_rais,19236053,6,0,2.36257536582501,7.15234918520132,410.55,0.0299999999997453,0,410.58,completed,,C:/Users/LENOVO/Desktop/David/Proyectos/Brazil_IP/paper/tables/firm/firm__main__levels__employment_share__party__cycle_specific__emp_share_weighted__top_q4__pooled_count.tex,
firm__main__levels__employment_share__party__cycle_specific__unweighted__bottom_3q__binary,main,employment_share,binary,unweighted,cycle_specific,party,levels,bottom_3q,emp_share_muni_rais,4766213,6,0,14.2181877541375,30.9481792875328,56.1500000000001,0.149999999999864,0.0900000000001455,56.3900000000001,completed,,C:/Users/LENOVO/Desktop/David/Proyectos/Brazil_IP/paper/tables/firm/firm__main__levels__employment_share__party__cycle_specific__unweighted__bottom_3q__binary.tex,
firm__main__levels__employment_share__party__cycle_specific__unweighted__bottom_3q__pooled_count,main,employment_share,pooled_count,unweighted,cycle_specific,party,levels,bottom_3q,emp_share_muni_rais,4766213,6,0,23.3068069216214,155.294013880611,54.8399999999999,0.190000000000055,0.0899999999999182,55.1199999999999,completed,,C:/Users/LENOVO/Desktop/David/Proyectos/Brazil_IP/paper/tables/firm/firm__main__levels__employment_share__party__cycle_specific__unweighted__bottom_3q__pooled_count.tex,
firm__main__levels__employment_share__party__cycle_specific__unweighted__top_q4__binary,main,employment_share,binary,unweighted,cycle_specific,party,levels,top_q4,emp_share_muni_rais,34724261,6,0,0.0105721933466225,11.1181274314511,319.25,0.0500000000001819,0.0100000000002183,319.31,completed,,C:/Users/LENOVO/Desktop/David/Proyectos/Brazil_IP/paper/tables/firm/firm__main__levels__employment_share__party__cycle_specific__unweighted__top_q4__binary.tex,
firm__main__levels__employment_share__party__cycle_specific__unweighted__top_q4__pooled_count,main,employment_share,pooled_count,unweighted,cycle_specific,party,levels,top_q4,emp_share_muni_rais,34724261,6,0,10.5740110439571,36.8289944060584,468.45,0.0300000000002001,0.0199999999999818,468.5,completed,,C:/Users/LENOVO/Desktop/David/Proyectos/Brazil_IP/paper/tables/firm/firm__main__levels__employment_share__party__cycle_specific__unweighted__top_q4__pooled_count.tex,
