spec_id,taxonomy,option,controls,tier_spec,weight_id,outcome,term,term_type,estimate,std_error,t_stat,p_value,ci_low,ci_high
policy_block__pure_ols__FE__mayor__w_owners_muni_univ,policy_block,pure_ols,FE,mayor,w_owners_muni_univ,log_gdp,s_policy_block_Agro,share,0.0279932674046714,0.00718998787069405,3.89336782037842,0.000100018190163765,0.0139008911781111,0.0420856436312317
policy_block__pure_ols__FE__mayor__w_owners_muni_univ,policy_block,pure_ols,FE,mayor,w_owners_muni_univ,log_gdp,s_policy_block_Ind,share,0.0160189777329362,0.00347250682399679,4.6130874739358,4.05617912075324e-06,0.00921286435790247,0.0228250911079699
policy_block__pure_ols__FE__mayor__w_owners_muni_univ,policy_block,pure_ols,FE,mayor,w_owners_muni_univ,log_gdp,s_policy_block_Infra,share,-0.00158610730460714,0.00348899115114082,-0.454603418552242,0.649412293715838,-0.00842452996084314,0.00525231535162886
policy_block__pure_ols__FE__mayor__w_owners_muni_univ,policy_block,pure_ols,FE,mayor,w_owners_muni_univ,log_gdp,total_bndes_initial_gdp,total_bndes,-2.3387162733608e-06,7.43702162901606e-05,-0.0314469473133725,0.974914228007257,-0.000148104340202076,0.000143426907655354
policy_block__pure_ols__FE__gov__w_owners_muni_univ,policy_block,pure_ols,FE,gov,w_owners_muni_univ,log_gdp,s_policy_block_Agro,share,0.0279932674046714,0.00718998787069405,3.89336782037842,0.000100018190163765,0.0139008911781111,0.0420856436312317
policy_block__pure_ols__FE__gov__w_owners_muni_univ,policy_block,pure_ols,FE,gov,w_owners_muni_univ,log_gdp,s_policy_block_Ind,share,0.0160189777329362,0.00347250682399679,4.6130874739358,4.05617912075324e-06,0.00921286435790247,0.0228250911079699
policy_block__pure_ols__FE__gov__w_owners_muni_univ,policy_block,pure_ols,FE,gov,w_owners_muni_univ,log_gdp,s_policy_block_Infra,share,-0.00158610730460714,0.00348899115114082,-0.454603418552242,0.649412293715838,-0.00842452996084314,0.00525231535162886
policy_block__pure_ols__FE__gov__w_owners_muni_univ,policy_block,pure_ols,FE,gov,w_owners_muni_univ,log_gdp,total_bndes_initial_gdp,total_bndes,-2.3387162733608e-06,7.43702162901606e-05,-0.0314469473133725,0.974914228007257,-0.000148104340202076,0.000143426907655354
policy_block__pure_ols__FE__mayor_gov__w_owners_muni_univ,policy_block,pure_ols,FE,mayor_gov,w_owners_muni_univ,log_gdp,s_policy_block_Agro,share,0.0279932674046714,0.00718998787069405,3.89336782037842,0.000100018190163765,0.0139008911781111,0.0420856436312317
policy_block__pure_ols__FE__mayor_gov__w_owners_muni_univ,policy_block,pure_ols,FE,mayor_gov,w_owners_muni_univ,log_gdp,s_policy_block_Ind,share,0.0160189777329362,0.00347250682399679,4.6130874739358,4.05617912075324e-06,0.00921286435790247,0.0228250911079699
policy_block__pure_ols__FE__mayor_gov__w_owners_muni_univ,policy_block,pure_ols,FE,mayor_gov,w_owners_muni_univ,log_gdp,s_policy_block_Infra,share,-0.00158610730460714,0.00348899115114082,-0.454603418552242,0.649412293715838,-0.00842452996084314,0.00525231535162886
policy_block__pure_ols__FE__mayor_gov__w_owners_muni_univ,policy_block,pure_ols,FE,mayor_gov,w_owners_muni_univ,log_gdp,total_bndes_initial_gdp,total_bndes,-2.3387162733608e-06,7.43702162901606e-05,-0.0314469473133725,0.974914228007257,-0.000148104340202076,0.000143426907655354
policy_block__pure_ols__FE__mayor_pres__w_owners_muni_univ,policy_block,pure_ols,FE,mayor_pres,w_owners_muni_univ,log_gdp,s_policy_block_Agro,share,0.0279932674046714,0.00718998787069405,3.89336782037842,0.000100018190163765,0.0139008911781111,0.0420856436312317
policy_block__pure_ols__FE__mayor_pres__w_owners_muni_univ,policy_block,pure_ols,FE,mayor_pres,w_owners_muni_univ,log_gdp,s_policy_block_Ind,share,0.0160189777329362,0.00347250682399679,4.6130874739358,4.05617912075324e-06,0.00921286435790247,0.0228250911079699
policy_block__pure_ols__FE__mayor_pres__w_owners_muni_univ,policy_block,pure_ols,FE,mayor_pres,w_owners_muni_univ,log_gdp,s_policy_block_Infra,share,-0.00158610730460714,0.00348899115114082,-0.454603418552242,0.649412293715838,-0.00842452996084314,0.00525231535162886
policy_block__pure_ols__FE__mayor_pres__w_owners_muni_univ,policy_block,pure_ols,FE,mayor_pres,w_owners_muni_univ,log_gdp,total_bndes_initial_gdp,total_bndes,-2.3387162733608e-06,7.43702162901606e-05,-0.0314469473133725,0.974914228007257,-0.000148104340202076,0.000143426907655354
policy_block__pure_ols__FE__mayor_gov_pres__w_owners_muni_univ,policy_block,pure_ols,FE,mayor_gov_pres,w_owners_muni_univ,log_gdp,s_policy_block_Agro,share,0.0279932674046714,0.00718998787069405,3.89336782037842,0.000100018190163765,0.0139008911781111,0.0420856436312317
policy_block__pure_ols__FE__mayor_gov_pres__w_owners_muni_univ,policy_block,pure_ols,FE,mayor_gov_pres,w_owners_muni_univ,log_gdp,s_policy_block_Ind,share,0.0160189777329362,0.00347250682399679,4.6130874739358,4.05617912075324e-06,0.00921286435790247,0.0228250911079699
policy_block__pure_ols__FE__mayor_gov_pres__w_owners_muni_univ,policy_block,pure_ols,FE,mayor_gov_pres,w_owners_muni_univ,log_gdp,s_policy_block_Infra,share,-0.00158610730460714,0.00348899115114082,-0.454603418552242,0.649412293715838,-0.00842452996084314,0.00525231535162886
policy_block__pure_ols__FE__mayor_gov_pres__w_owners_muni_univ,policy_block,pure_ols,FE,mayor_gov_pres,w_owners_muni_univ,log_gdp,total_bndes_initial_gdp,total_bndes,-2.3387162733608e-06,7.43702162901606e-05,-0.0314469473133725,0.974914228007257,-0.000148104340202076,0.000143426907655354
policy_block__partial_iv__FE__mayor__w_owners_muni_univ,policy_block,partial_iv,FE,mayor,w_owners_muni_univ,log_gdp,fit_s_policy_block_Agro,share,8.75546257660156,21.866628411009,0.400402952482309,0.688875108658827,-34.1031291089762,51.6140542621793
policy_block__partial_iv__FE__mayor__w_owners_muni_univ,policy_block,partial_iv,FE,mayor,w_owners_muni_univ,log_gdp,fit_s_policy_block_Ind,share,-4.29136187188694,9.69901444092828,-0.4424533954479,0.658178330539192,-23.3014301761064,14.7187064323325
policy_block__partial_iv__FE__mayor__w_owners_muni_univ,policy_block,partial_iv,FE,mayor,w_owners_muni_univ,log_gdp,fit_s_policy_block_Infra,share,5.23526841649524,12.4156401092236,0.4216672173516,0.673284211188136,-19.099386197583,29.5699230305735
policy_block__partial_iv__FE__mayor__w_owners_muni_univ,policy_block,partial_iv,FE,mayor,w_owners_muni_univ,log_gdp,total_bndes_initial_gdp,total_bndes,0.0023754694520166,0.00545725319885173,0.435286647963562,0.663371243875723,-0.0083207468177328,0.013071685721766
policy_block__partial_iv__FE__gov__w_owners_muni_univ,policy_block,partial_iv,FE,gov,w_owners_muni_univ,log_gdp,fit_s_policy_block_Agro,share,0.42668339345206,0.448065433399329,0.952279202202565,0.340996730610491,-0.451524856010626,1.30489164291474
policy_block__partial_iv__FE__gov__w_owners_muni_univ,policy_block,partial_iv,FE,gov,w_owners_muni_univ,log_gdp,fit_s_policy_block_Ind,share,0.53248786697173,0.228877658702216,2.32651745037522,0.0200266587997362,0.0838876559153861,0.981088078028074
policy_block__partial_iv__FE__gov__w_owners_muni_univ,policy_block,partial_iv,FE,gov,w_owners_muni_univ,log_gdp,fit_s_policy_block_Infra,share,-0.265507188030208,0.382191994015999,-0.694695839230722,0.487274917001351,-1.01460349630157,0.483589120241151
policy_block__partial_iv__FE__gov__w_owners_muni_univ,policy_block,partial_iv,FE,gov,w_owners_muni_univ,log_gdp,total_bndes_initial_gdp,total_bndes,-0.00024769505991235,0.000166010604849928,-1.49204359646942,0.135744359835778,-0.000573075845418208,7.76857255935088e-05
policy_block__partial_iv__FE__mayor_gov__w_owners_muni_univ,policy_block,partial_iv,FE,mayor_gov,w_owners_muni_univ,log_gdp,fit_s_policy_block_Agro,share,0.307939177244593,0.372379144067203,0.826950655402495,0.408300460501689,-0.421923945127124,1.03780229961631
policy_block__partial_iv__FE__mayor_gov__w_owners_muni_univ,policy_block,partial_iv,FE,mayor_gov,w_owners_muni_univ,log_gdp,fit_s_policy_block_Ind,share,0.393669686678231,0.192936772629832,2.04040775282131,0.0413568007517859,0.0155136123237615,0.771825761032701
policy_block__partial_iv__FE__mayor_gov__w_owners_muni_univ,policy_block,partial_iv,FE,mayor_gov,w_owners_muni_univ,log_gdp,fit_s_policy_block_Infra,share,-0.212423245516648,0.270116757796385,-0.786412687793229,0.431659213890146,-0.741852090797564,0.317005599764267
policy_block__partial_iv__FE__mayor_gov__w_owners_muni_univ,policy_block,partial_iv,FE,mayor_gov,w_owners_muni_univ,log_gdp,total_bndes_initial_gdp,total_bndes,-0.000181112599941926,0.000144941949549923,-1.24955266921909,0.211515514447617,-0.000465198821059776,0.000102973621175924
policy_block__partial_iv__FE__mayor_pres__w_owners_muni_univ,policy_block,partial_iv,FE,mayor_pres,w_owners_muni_univ,log_gdp,fit_s_policy_block_Agro,share,0.0680964956793764,0.339085211175514,0.200824139287304,0.840843420704272,-0.596510518224631,0.732703509583384
policy_block__partial_iv__FE__mayor_pres__w_owners_muni_univ,policy_block,partial_iv,FE,mayor_pres,w_owners_muni_univ,log_gdp,fit_s_policy_block_Ind,share,0.0555773014219825,0.173407122107483,0.320501838370478,0.748599961931268,-0.284300657908685,0.39545526075265
policy_block__partial_iv__FE__mayor_pres__w_owners_muni_univ,policy_block,partial_iv,FE,mayor_pres,w_owners_muni_univ,log_gdp,fit_s_policy_block_Infra,share,-0.300114079833857,0.322141138202397,-0.931622957280603,0.351571799214227,-0.931510710710555,0.331282551042842
policy_block__partial_iv__FE__mayor_pres__w_owners_muni_univ,policy_block,partial_iv,FE,mayor_pres,w_owners_muni_univ,log_gdp,total_bndes_initial_gdp,total_bndes,-2.94949790002341e-06,0.0001451779324862,-0.0203164341130411,0.98379167379677,-0.000287498245572976,0.000281599249772929
policy_block__partial_iv__FE__mayor_gov_pres__w_owners_muni_univ,policy_block,partial_iv,FE,mayor_gov_pres,w_owners_muni_univ,log_gdp,fit_s_policy_block_Agro,share,0.299566942295742,0.278210607785341,1.07676319274957,0.281632714616217,-0.245725848963527,0.844859733555011
policy_block__partial_iv__FE__mayor_gov_pres__w_owners_muni_univ,policy_block,partial_iv,FE,mayor_gov_pres,w_owners_muni_univ,log_gdp,fit_s_policy_block_Ind,share,0.245951877509416,0.13492425942549,1.82288847503543,0.0683738741873622,-0.0184996709645444,0.510403425983376
policy_block__partial_iv__FE__mayor_gov_pres__w_owners_muni_univ,policy_block,partial_iv,FE,mayor_gov_pres,w_owners_muni_univ,log_gdp,fit_s_policy_block_Infra,share,-0.201397011471976,0.216771528336826,-0.929075017448966,0.352890477777485,-0.626269207012155,0.223475184068203
policy_block__partial_iv__FE__mayor_gov_pres__w_owners_muni_univ,policy_block,partial_iv,FE,mayor_gov_pres,w_owners_muni_univ,log_gdp,total_bndes_initial_gdp,total_bndes,-0.000102217495391431,0.000122245092245801,-0.836168499802836,0.403095991932979,-0.000341817876193201,0.000137382885410339
policy_block__full_iv__FE__mayor__w_owners_muni_univ,policy_block,full_iv,FE,mayor,w_owners_muni_univ,log_gdp,fit_s_policy_block_Agro,share,8.10003301077137,19.1840445652293,0.422227595605804,0.672875200459828,-29.5006943370781,45.7007603586209
policy_block__full_iv__FE__mayor__w_owners_muni_univ,policy_block,full_iv,FE,mayor,w_owners_muni_univ,log_gdp,fit_s_policy_block_Ind,share,-3.30907832398392,8.46524271007805,-0.390901765881372,0.695884801832982,-19.9009540357369,13.2827973877691
policy_block__full_iv__FE__mayor__w_owners_muni_univ,policy_block,full_iv,FE,mayor,w_owners_muni_univ,log_gdp,fit_s_policy_block_Infra,share,4.63423990866597,10.8591509732356,0.42675895381581,0.669571402234065,-16.6496959988758,25.9181758162078
policy_block__full_iv__FE__mayor__w_owners_muni_univ,policy_block,full_iv,FE,mayor,w_owners_muni_univ,log_gdp,fit_total_bndes_initial_gdp,total_bndes,0.0295675359208821,0.0768637939947588,0.384674427115818,0.700493332920534,-0.121085500308845,0.180220572150609
policy_block__full_iv__FE__gov__w_owners_muni_univ,policy_block,full_iv,FE,gov,w_owners_muni_univ,log_gdp,fit_s_policy_block_Agro,share,-0.941962068529011,1.37289307361316,-0.686114662994089,0.492669368068058,-3.6328324928108,1.74890835575278
policy_block__full_iv__FE__gov__w_owners_muni_univ,policy_block,full_iv,FE,gov,w_owners_muni_univ,log_gdp,fit_s_policy_block_Ind,share,0.767192488643811,0.367568457292186,2.08720980656389,0.0369145268755782,0.0467583123511262,1.4876266649365
policy_block__full_iv__FE__gov__w_owners_muni_univ,policy_block,full_iv,FE,gov,w_owners_muni_univ,log_gdp,fit_s_policy_block_Infra,share,-0.234800431896421,0.59881649517906,-0.392107488331981,0.694993799298662,-1.40848076244738,0.938879898654536
policy_block__full_iv__FE__gov__w_owners_muni_univ,policy_block,full_iv,FE,gov,w_owners_muni_univ,log_gdp,fit_total_bndes_initial_gdp,total_bndes,0.0282941854461641,0.0228397229811334,1.238814738232,0.215466325390321,-0.0164716715968574,0.0730600424891857
policy_block__full_iv__FE__mayor_gov__w_owners_muni_univ,policy_block,full_iv,FE,mayor_gov,w_owners_muni_univ,log_gdp,fit_s_policy_block_Agro,share,-0.739886120468923,0.742048220953177,-0.997086307300249,0.318765939621975,-2.19430063353715,0.714528392599304
policy_block__full_iv__FE__mayor_gov__w_owners_muni_univ,policy_block,full_iv,FE,mayor_gov,w_owners_muni_univ,log_gdp,fit_s_policy_block_Ind,share,0.680526101254615,0.282767316814839,2.40666463479665,0.0161313011945474,0.12630216029753,1.2347500422117
policy_block__full_iv__FE__mayor_gov__w_owners_muni_univ,policy_block,full_iv,FE,mayor_gov,w_owners_muni_univ,log_gdp,fit_s_policy_block_Infra,share,-0.168240893037473,0.53775854460486,-0.312855824840672,0.754401915455782,-1.222247640463,0.885765854388053
policy_block__full_iv__FE__mayor_gov__w_owners_muni_univ,policy_block,full_iv,FE,mayor_gov,w_owners_muni_univ,log_gdp,fit_total_bndes_initial_gdp,total_bndes,0.0292419732417965,0.0149195177271683,1.95998113186642,0.0500477911829357,-2.81503453363613e-07,0.0584842279870465
policy_block__full_iv__FE__mayor_pres__w_owners_muni_univ,policy_block,full_iv,FE,mayor_pres,w_owners_muni_univ,log_gdp,fit_s_policy_block_Agro,share,0.0764951371344052,0.407187035239182,0.187862408461684,0.850991356058786,-0.721591451934391,0.874581726203201
policy_block__full_iv__FE__mayor_pres__w_owners_muni_univ,policy_block,full_iv,FE,mayor_pres,w_owners_muni_univ,log_gdp,fit_s_policy_block_Ind,share,0.0970636019119748,0.20100309257733,0.482896062281392,0.629188519693706,-0.296902459539593,0.491029663363542
policy_block__full_iv__FE__mayor_pres__w_owners_muni_univ,policy_block,full_iv,FE,mayor_pres,w_owners_muni_univ,log_gdp,fit_s_policy_block_Infra,share,-0.0770914556834636,0.461369417165661,-0.167092687150919,0.867303186554057,-0.981375513328159,0.827192601961231
policy_block__full_iv__FE__mayor_pres__w_owners_muni_univ,policy_block,full_iv,FE,mayor_pres,w_owners_muni_univ,log_gdp,fit_total_bndes_initial_gdp,total_bndes,0.0281969117467017,0.0158147167619486,1.78295395176129,0.0746482520381818,-0.00279993310671757,0.0591937566001211
policy_block__full_iv__FE__mayor_gov_pres__w_owners_muni_univ,policy_block,full_iv,FE,mayor_gov_pres,w_owners_muni_univ,log_gdp,fit_s_policy_block_Agro,share,-0.0865479178148022,0.344788886492893,-0.251017133107584,0.80181012373208,-0.762334135340873,0.589238299711269
policy_block__full_iv__FE__mayor_gov_pres__w_owners_muni_univ,policy_block,full_iv,FE,mayor_gov_pres,w_owners_muni_univ,log_gdp,fit_s_policy_block_Ind,share,0.326520255841808,0.151773033222303,2.15137201194069,0.0314897259054887,0.0290451107260938,0.623995400957523
policy_block__full_iv__FE__mayor_gov_pres__w_owners_muni_univ,policy_block,full_iv,FE,mayor_gov_pres,w_owners_muni_univ,log_gdp,fit_s_policy_block_Infra,share,-0.0973640647530614,0.288137590934142,-0.337908234872816,0.735445078259255,-0.662113742983979,0.467385613477856
policy_block__full_iv__FE__mayor_gov_pres__w_owners_muni_univ,policy_block,full_iv,FE,mayor_gov_pres,w_owners_muni_univ,log_gdp,fit_total_bndes_initial_gdp,total_bndes,0.0202363162523208,0.0108775410113363,1.86037600145392,0.0628850225189491,-0.00108366412989834,0.0415562966345398
policy_block__mixed__FE__mayor__w_owners_muni_univ,policy_block,mixed,FE,mayor,w_owners_muni_univ,log_gdp,fit_total_bndes_initial_gdp,total_bndes,0.0441740731731801,0.0317848485666098,1.38978397460686,0.164650038009842,-0.0181242300173751,0.106472376363735
policy_block__mixed__FE__mayor__w_owners_muni_univ,policy_block,mixed,FE,mayor,w_owners_muni_univ,log_gdp,s_policy_block_Agro,share,0.0297149073781871,0.0186357593182744,1.59451014958367,0.11087856538441,-0.0068111808856308,0.066240995642005
policy_block__mixed__FE__mayor__w_owners_muni_univ,policy_block,mixed,FE,mayor,w_owners_muni_univ,log_gdp,s_policy_block_Ind,share,-0.0979411028205435,0.0670995868508518,-1.45963794141156,0.144446009806229,-0.229456293048213,0.033574087407126
policy_block__mixed__FE__mayor__w_owners_muni_univ,policy_block,mixed,FE,mayor,w_owners_muni_univ,log_gdp,s_policy_block_Infra,share,-0.0389549803645524,0.0359221556950529,-1.0844276912345,0.278222155072009,-0.109362405526856,0.0314524447977512
policy_block__mixed__FE__gov__w_owners_muni_univ,policy_block,mixed,FE,gov,w_owners_muni_univ,log_gdp,fit_total_bndes_initial_gdp,total_bndes,0.0649665017531879,0.046653224373144,1.39254044336935,0.163814397937498,-0.0264738180181743,0.15640682152455
policy_block__mixed__FE__gov__w_owners_muni_univ,policy_block,mixed,FE,gov,w_owners_muni_univ,log_gdp,s_policy_block_Agro,share,0.0305252284219009,0.0263448195683311,1.15868048907023,0.24663612918986,-0.0211106179320282,0.0821610747758299
policy_block__mixed__FE__gov__w_owners_muni_univ,policy_block,mixed,FE,gov,w_owners_muni_univ,log_gdp,s_policy_block_Ind,share,-0.151578479296696,0.116638423324181,-1.29955871295863,0.193806049771436,-0.380189789012091,0.0770328304186982
policy_block__mixed__FE__gov__w_owners_muni_univ,policy_block,mixed,FE,gov,w_owners_muni_univ,log_gdp,s_policy_block_Infra,share,-0.0565433174653255,0.059715496010098,-0.946878469464006,0.343741793090051,-0.173585689645118,0.0604990547144665
policy_block__mixed__FE__mayor_gov__w_owners_muni_univ,policy_block,mixed,FE,mayor_gov,w_owners_muni_univ,log_gdp,fit_total_bndes_initial_gdp,total_bndes,0.0515290242501113,0.0268473814640685,1.91933147443358,0.054993441005826,-0.00109184341946301,0.104149891919686
policy_block__mixed__FE__mayor_gov__w_owners_muni_univ,policy_block,mixed,FE,mayor_gov,w_owners_muni_univ,log_gdp,s_policy_block_Agro,share,0.0300015440070054,0.0213012862512822,1.4084381409221,0.15905719616253,-0.0117489770455077,0.0717520650595184
policy_block__mixed__FE__mayor_gov__w_owners_muni_univ,policy_block,mixed,FE,mayor_gov,w_owners_muni_univ,log_gdp,s_policy_block_Ind,share,-0.116914368899542,0.0515280988699096,-2.2689439638499,0.0233098292613003,-0.217909442684565,-0.0159192951145193
policy_block__mixed__FE__mayor_gov__w_owners_muni_univ,policy_block,mixed,FE,mayor_gov,w_owners_muni_univ,log_gdp,s_policy_block_Infra,share,-0.0451765411794903,0.0381118899707216,-1.185366068547,0.235923318654254,-0.119875845522105,0.0295227631631241
policy_block__mixed__FE__mayor_pres__w_owners_muni_univ,policy_block,mixed,FE,mayor_pres,w_owners_muni_univ,log_gdp,fit_total_bndes_initial_gdp,total_bndes,0.0441600825824207,0.0319713067438184,1.38124109021471,0.167260261466128,-0.0185036786354634,0.106823843800305
policy_block__mixed__FE__mayor_pres__w_owners_muni_univ,policy_block,mixed,FE,mayor_pres,w_owners_muni_univ,log_gdp,s_policy_block_Agro,share,0.0297143621378811,0.0186251393200412,1.59539006003072,0.110681780121773,-0.0067909109293997,0.0662196352051619
policy_block__mixed__FE__mayor_pres__w_owners_muni_univ,policy_block,mixed,FE,mayor_pres,w_owners_muni_univ,log_gdp,s_policy_block_Ind,share,-0.0979050118665323,0.067517919274539,-1.45005967183962,0.147098193957893,-0.230240133644629,0.0344301099115642
policy_block__mixed__FE__mayor_pres__w_owners_muni_univ,policy_block,mixed,FE,mayor_pres,w_owners_muni_univ,log_gdp,s_policy_block_Infra,share,-0.0389431457091844,0.0360549222983734,-1.08010621648022,0.280141657807469,-0.109610793413996,0.0317245019956275
policy_block__mixed__FE__mayor_gov_pres__w_owners_muni_univ,policy_block,mixed,FE,mayor_gov_pres,w_owners_muni_univ,log_gdp,fit_total_bndes_initial_gdp,total_bndes,0.051618354330253,0.0279184711124547,1.84889617065117,0.0645257725460815,-0.00310184905015828,0.106338557710664
policy_block__mixed__FE__mayor_gov_pres__w_owners_muni_univ,policy_block,mixed,FE,mayor_gov_pres,w_owners_muni_univ,log_gdp,s_policy_block_Agro,share,0.0300050253725179,0.0213020132581513,1.40855350191073,0.159023062013776,-0.0117469206134587,0.0717569713584944
policy_block__mixed__FE__mayor_gov_pres__w_owners_muni_univ,policy_block,mixed,FE,mayor_gov_pres,w_owners_muni_univ,log_gdp,s_policy_block_Ind,share,-0.117144810048865,0.0538360820949295,-2.17595347748937,0.0296006382752649,-0.222663530954927,-0.0116260891428031
policy_block__mixed__FE__mayor_gov_pres__w_owners_muni_univ,policy_block,mixed,FE,mayor_gov_pres,w_owners_muni_univ,log_gdp,s_policy_block_Infra,share,-0.0452521055877903,0.0388550019565334,-1.16464041459613,0.244214464120872,-0.121407909422596,0.0309036982470152
S4__pure_ols__FE__mayor__w_owners_muni_univ,S4,pure_ols,FE,mayor,w_owners_muni_univ,log_gdp,s_S4_Pequena,share,0.0106085382147628,0.00327728887586413,3.23698600171936,0.0012150658284411,0.00418505201806907,0.0170320244114565
S4__pure_ols__FE__mayor__w_owners_muni_univ,S4,pure_ols,FE,mayor,w_owners_muni_univ,log_gdp,s_S4_Media,share,0.039905409769298,0.00455094477862417,8.76859898558517,2.36926176799418e-18,0.0309855580031947,0.0488252615354014
S4__pure_ols__FE__mayor__w_owners_muni_univ,S4,pure_ols,FE,mayor,w_owners_muni_univ,log_gdp,s_S4_Grande,share,0.0523454564206744,0.00751395747936991,6.9664296829457,3.62675480902263e-12,0.0376180997611094,0.0670728130802394
S4__pure_ols__FE__mayor__w_owners_muni_univ,S4,pure_ols,FE,mayor,w_owners_muni_univ,log_gdp,total_bndes_initial_gdp,total_bndes,-1.33870227061801e-05,7.21585810408417e-05,-0.185522255469562,0.852826182245824,-0.00015481784154623,0.00012804379613387
S4__pure_ols__FE__gov__w_owners_muni_univ,S4,pure_ols,FE,gov,w_owners_muni_univ,log_gdp,s_S4_Pequena,share,0.0106085382147628,0.00327728887586413,3.23698600171936,0.0012150658284411,0.00418505201806907,0.0170320244114565
S4__pure_ols__FE__gov__w_owners_muni_univ,S4,pure_ols,FE,gov,w_owners_muni_univ,log_gdp,s_S4_Media,share,0.039905409769298,0.00455094477862417,8.76859898558517,2.36926176799418e-18,0.0309855580031947,0.0488252615354014
S4__pure_ols__FE__gov__w_owners_muni_univ,S4,pure_ols,FE,gov,w_owners_muni_univ,log_gdp,s_S4_Grande,share,0.0523454564206744,0.00751395747936991,6.9664296829457,3.62675480902263e-12,0.0376180997611094,0.0670728130802394
S4__pure_ols__FE__gov__w_owners_muni_univ,S4,pure_ols,FE,gov,w_owners_muni_univ,log_gdp,total_bndes_initial_gdp,total_bndes,-1.33870227061801e-05,7.21585810408417e-05,-0.185522255469562,0.852826182245824,-0.00015481784154623,0.00012804379613387
S4__pure_ols__FE__mayor_gov__w_owners_muni_univ,S4,pure_ols,FE,mayor_gov,w_owners_muni_univ,log_gdp,s_S4_Pequena,share,0.0106085382147628,0.00327728887586413,3.23698600171936,0.0012150658284411,0.00418505201806907,0.0170320244114565
S4__pure_ols__FE__mayor_gov__w_owners_muni_univ,S4,pure_ols,FE,mayor_gov,w_owners_muni_univ,log_gdp,s_S4_Media,share,0.039905409769298,0.00455094477862417,8.76859898558517,2.36926176799418e-18,0.0309855580031947,0.0488252615354014
S4__pure_ols__FE__mayor_gov__w_owners_muni_univ,S4,pure_ols,FE,mayor_gov,w_owners_muni_univ,log_gdp,s_S4_Grande,share,0.0523454564206744,0.00751395747936991,6.9664296829457,3.62675480902263e-12,0.0376180997611094,0.0670728130802394
S4__pure_ols__FE__mayor_gov__w_owners_muni_univ,S4,pure_ols,FE,mayor_gov,w_owners_muni_univ,log_gdp,total_bndes_initial_gdp,total_bndes,-1.33870227061801e-05,7.21585810408417e-05,-0.185522255469562,0.852826182245824,-0.00015481784154623,0.00012804379613387
S4__pure_ols__FE__mayor_pres__w_owners_muni_univ,S4,pure_ols,FE,mayor_pres,w_owners_muni_univ,log_gdp,s_S4_Pequena,share,0.0106085382147628,0.00327728887586413,3.23698600171936,0.0012150658284411,0.00418505201806907,0.0170320244114565
S4__pure_ols__FE__mayor_pres__w_owners_muni_univ,S4,pure_ols,FE,mayor_pres,w_owners_muni_univ,log_gdp,s_S4_Media,share,0.039905409769298,0.00455094477862417,8.76859898558517,2.36926176799418e-18,0.0309855580031947,0.0488252615354014
S4__pure_ols__FE__mayor_pres__w_owners_muni_univ,S4,pure_ols,FE,mayor_pres,w_owners_muni_univ,log_gdp,s_S4_Grande,share,0.0523454564206744,0.00751395747936991,6.9664296829457,3.62675480902263e-12,0.0376180997611094,0.0670728130802394
S4__pure_ols__FE__mayor_pres__w_owners_muni_univ,S4,pure_ols,FE,mayor_pres,w_owners_muni_univ,log_gdp,total_bndes_initial_gdp,total_bndes,-1.33870227061801e-05,7.21585810408417e-05,-0.185522255469562,0.852826182245824,-0.00015481784154623,0.00012804379613387
S4__pure_ols__FE__mayor_gov_pres__w_owners_muni_univ,S4,pure_ols,FE,mayor_gov_pres,w_owners_muni_univ,log_gdp,s_S4_Pequena,share,0.0106085382147628,0.00327728887586413,3.23698600171936,0.0012150658284411,0.00418505201806907,0.0170320244114565
S4__pure_ols__FE__mayor_gov_pres__w_owners_muni_univ,S4,pure_ols,FE,mayor_gov_pres,w_owners_muni_univ,log_gdp,s_S4_Media,share,0.039905409769298,0.00455094477862417,8.76859898558517,2.36926176799418e-18,0.0309855580031947,0.0488252615354014
S4__pure_ols__FE__mayor_gov_pres__w_owners_muni_univ,S4,pure_ols,FE,mayor_gov_pres,w_owners_muni_univ,log_gdp,s_S4_Grande,share,0.0523454564206744,0.00751395747936991,6.9664296829457,3.62675480902263e-12,0.0376180997611094,0.0670728130802394
S4__pure_ols__FE__mayor_gov_pres__w_owners_muni_univ,S4,pure_ols,FE,mayor_gov_pres,w_owners_muni_univ,log_gdp,total_bndes_initial_gdp,total_bndes,-1.33870227061801e-05,7.21585810408417e-05,-0.185522255469562,0.852826182245824,-0.00015481784154623,0.00012804379613387
S4__partial_iv__FE__mayor__w_owners_muni_univ,S4,partial_iv,FE,mayor,w_owners_muni_univ,log_gdp,fit_s_S4_Pequena,share,1.68128268898329,3.37401853071907,0.498302743057245,0.61829035298999,-4.93179363122609,8.29435900919266
S4__partial_iv__FE__mayor__w_owners_muni_univ,S4,partial_iv,FE,mayor,w_owners_muni_univ,log_gdp,fit_s_S4_Media,share,3.11559095441053,7.28665706020249,0.427574802638503,0.668977246094511,-11.1662568835863,17.3974387924074
S4__partial_iv__FE__mayor__w_owners_muni_univ,S4,partial_iv,FE,mayor,w_owners_muni_univ,log_gdp,fit_s_S4_Grande,share,-15.2910733876684,35.3783609393242,-0.432215427218163,0.66560158216376,-84.6326608287438,54.0505140534071
S4__partial_iv__FE__mayor__w_owners_muni_univ,S4,partial_iv,FE,mayor,w_owners_muni_univ,log_gdp,total_bndes_initial_gdp,total_bndes,0.00128288087466501,0.00341787261465171,0.375344847308108,0.707418311361023,-0.00541614945005235,0.00798191119938237
S4__partial_iv__FE__gov__w_owners_muni_univ,S4,partial_iv,FE,gov,w_owners_muni_univ,log_gdp,fit_s_S4_Pequena,share,0.695339447315541,0.350310564631006,1.98492285851546,0.0472020391895801,0.00873074063876866,1.38194815399231
S4__partial_iv__FE__gov__w_owners_muni_univ,S4,partial_iv,FE,gov,w_owners_muni_univ,log_gdp,fit_s_S4_Media,share,0.500244165563764,1.06484932500233,0.469779295359622,0.638531101990863,-1.58686051144081,2.58734884256833
S4__partial_iv__FE__gov__w_owners_muni_univ,S4,partial_iv,FE,gov,w_owners_muni_univ,log_gdp,fit_s_S4_Grande,share,2.25134424914157,2.60907396749405,0.862890158420432,0.388235019867162,-2.86244072714678,7.36512922542991
S4__partial_iv__FE__gov__w_owners_muni_univ,S4,partial_iv,FE,gov,w_owners_muni_univ,log_gdp,total_bndes_initial_gdp,total_bndes,-0.000393603320651592,0.000247925326327663,-1.58758819230674,0.112436260144922,-0.000879536960253812,9.23303189506275e-05
S4__partial_iv__FE__mayor_gov__w_owners_muni_univ,S4,partial_iv,FE,mayor_gov,w_owners_muni_univ,log_gdp,fit_s_S4_Pequena,share,0.617590501701721,0.369087261683247,1.67329129400229,0.0943261285151741,-0.105820531197442,1.34100153460088
S4__partial_iv__FE__mayor_gov__w_owners_muni_univ,S4,partial_iv,FE,mayor_gov,w_owners_muni_univ,log_gdp,fit_s_S4_Media,share,-0.335865129913831,0.719091485981959,-0.467068706084301,0.640468995401446,-1.74528444243847,1.07355418261081
S4__partial_iv__FE__mayor_gov__w_owners_muni_univ,S4,partial_iv,FE,mayor_gov,w_owners_muni_univ,log_gdp,fit_s_S4_Grande,share,3.14877458008343,2.38577878377848,1.31980995115421,0.18695272797847,-1.5273518361224,7.82490099628925
S4__partial_iv__FE__mayor_gov__w_owners_muni_univ,S4,partial_iv,FE,mayor_gov,w_owners_muni_univ,log_gdp,total_bndes_initial_gdp,total_bndes,-0.000267075532061994,0.000344804616747749,-0.774570638238814,0.438626296281894,-0.000942892580887582,0.000408741516763594
S4__partial_iv__FE__mayor_pres__w_owners_muni_univ,S4,partial_iv,FE,mayor_pres,w_owners_muni_univ,log_gdp,fit_s_S4_Pequena,share,0.327544566747796,0.253936254996859,1.28986924987079,0.197149619137759,-0.170170493046049,0.82525962654164
S4__partial_iv__FE__mayor_pres__w_owners_muni_univ,S4,partial_iv,FE,mayor_pres,w_owners_muni_univ,log_gdp,fit_s_S4_Media,share,-0.200882585303846,0.342316503743366,-0.586832896185594,0.557339728246534,-0.871822932640844,0.470057762033151
S4__partial_iv__FE__mayor_pres__w_owners_muni_univ,S4,partial_iv,FE,mayor_pres,w_owners_muni_univ,log_gdp,fit_s_S4_Grande,share,0.851346030129375,0.800985819557885,1.0628727866859,0.287885731785717,-0.71858617620408,2.42127823646283
S4__partial_iv__FE__mayor_pres__w_owners_muni_univ,S4,partial_iv,FE,mayor_pres,w_owners_muni_univ,log_gdp,total_bndes_initial_gdp,total_bndes,-2.08278200506431e-05,0.000122668388380007,-0.169789628165016,0.865181751204083,-0.000261257861275456,0.00021960222117417
S4__partial_iv__FE__mayor_gov_pres__w_owners_muni_univ,S4,partial_iv,FE,mayor_gov_pres,w_owners_muni_univ,log_gdp,fit_s_S4_Pequena,share,0.279902058962744,0.243392890806377,1.1500009636083,0.250192855246982,-0.197148007017755,0.756952124943244
S4__partial_iv__FE__mayor_gov_pres__w_owners_muni_univ,S4,partial_iv,FE,mayor_gov_pres,w_owners_muni_univ,log_gdp,fit_s_S4_Media,share,-0.323808121923547,0.365549238829459,-0.885812600678439,0.375756765464631,-1.04028463002929,0.392668386182193
S4__partial_iv__FE__mayor_gov_pres__w_owners_muni_univ,S4,partial_iv,FE,mayor_gov_pres,w_owners_muni_univ,log_gdp,fit_s_S4_Grande,share,1.57494880879486,0.864438616200254,1.82193249963513,0.0685188407194856,-0.11935087895764,3.26924849654735
S4__partial_iv__FE__mayor_gov_pres__w_owners_muni_univ,S4,partial_iv,FE,mayor_gov_pres,w_owners_muni_univ,log_gdp,total_bndes_initial_gdp,total_bndes,-8.59928526759027e-05,0.000162911105268367,-0.527851385786408,0.597623518744211,-0.000405298619001901,0.000233312913650096
S4__full_iv__FE__mayor__w_owners_muni_univ,S4,full_iv,FE,mayor,w_owners_muni_univ,log_gdp,fit_s_S4_Pequena,share,0.136045098220083,2.62524432078872,0.0518218807837324,0.958672479238303,-5.0094337705258,5.28152396696597
S4__full_iv__FE__mayor__w_owners_muni_univ,S4,full_iv,FE,mayor,w_owners_muni_univ,log_gdp,fit_s_S4_Media,share,-1.23344779880172,6.65877567090154,-0.1852364247968,0.853050346161943,-14.2846481137687,11.8177525161653
S4__full_iv__FE__mayor__w_owners_muni_univ,S4,full_iv,FE,mayor,w_owners_muni_univ,log_gdp,fit_s_S4_Grande,share,7.37585030567579,33.120151253665,0.222699777219755,0.823777341805049,-57.5396461515076,72.2913467628591
S4__full_iv__FE__mayor__w_owners_muni_univ,S4,full_iv,FE,mayor,w_owners_muni_univ,log_gdp,fit_total_bndes_initial_gdp,total_bndes,0.043670423035604,0.0606011091839655,0.72062085370475,0.47117306618038,-0.0751077509649684,0.162448597036176
S4__full_iv__FE__gov__w_owners_muni_univ,S4,full_iv,FE,gov,w_owners_muni_univ,log_gdp,fit_s_S4_Pequena,share,0.566681014033577,0.52527711973638,1.07882295409702,0.280713383352605,-0.462862140649729,1.59622416871688
S4__full_iv__FE__gov__w_owners_muni_univ,S4,full_iv,FE,gov,w_owners_muni_univ,log_gdp,fit_s_S4_Media,share,0.471763432376191,1.41454532281237,0.333508884281092,0.738762740235679,-2.30074540033605,3.24427226508844
S4__full_iv__FE__gov__w_owners_muni_univ,S4,full_iv,FE,gov,w_owners_muni_univ,log_gdp,fit_s_S4_Grande,share,2.62440911993558,3.40648219622495,0.770416214957454,0.441085718488438,-4.05229598466532,9.30111422453648
S4__full_iv__FE__gov__w_owners_muni_univ,S4,full_iv,FE,gov,w_owners_muni_univ,log_gdp,fit_total_bndes_initial_gdp,total_bndes,0.0287226707707447,0.0246415879791662,1.1656176864506,0.243818973673357,-0.0195748416684211,0.0770201832099105
S4__full_iv__FE__mayor_gov__w_owners_muni_univ,S4,full_iv,FE,mayor_gov,w_owners_muni_univ,log_gdp,fit_s_S4_Pequena,share,0.423014705117236,0.513705792302673,0.823457145034483,0.410283339051934,-0.583848647796003,1.42987805803048
S4__full_iv__FE__mayor_gov__w_owners_muni_univ,S4,full_iv,FE,mayor_gov,w_owners_muni_univ,log_gdp,fit_s_S4_Media,share,-0.480975401926938,0.988120998319952,-0.486757596230335,0.626449279361808,-2.41769255863404,1.45574175478017
S4__full_iv__FE__mayor_gov__w_owners_muni_univ,S4,full_iv,FE,mayor_gov,w_owners_muni_univ,log_gdp,fit_s_S4_Grande,share,4.26661605821191,3.29755427770984,1.29387288241244,0.195762989536746,-2.19659032609939,10.7298224425232
S4__full_iv__FE__mayor_gov__w_owners_muni_univ,S4,full_iv,FE,mayor_gov,w_owners_muni_univ,log_gdp,fit_total_bndes_initial_gdp,total_bndes,0.0352149337447116,0.0223747468319298,1.57386959545206,0.115574405085238,-0.00863957004587092,0.079069437535294
S4__full_iv__FE__mayor_pres__w_owners_muni_univ,S4,full_iv,FE,mayor_pres,w_owners_muni_univ,log_gdp,fit_s_S4_Pequena,share,0.454592329733833,0.346199885392546,1.31309208614666,0.189206021913813,-0.223959445635558,1.13314410510322
S4__full_iv__FE__mayor_pres__w_owners_muni_univ,S4,full_iv,FE,mayor_pres,w_owners_muni_univ,log_gdp,fit_s_S4_Media,share,0.121498831268433,0.44527633977765,0.272861637627329,0.784969693676579,-0.751242794695762,0.994240457232627
S4__full_iv__FE__mayor_pres__w_owners_muni_univ,S4,full_iv,FE,mayor_pres,w_owners_muni_univ,log_gdp,fit_s_S4_Grande,share,-0.116234656982159,1.04753373513855,-0.110960299495067,0.911651827220318,-2.16940077785371,1.93693146388939
S4__full_iv__FE__mayor_pres__w_owners_muni_univ,S4,full_iv,FE,mayor_pres,w_owners_muni_univ,log_gdp,fit_total_bndes_initial_gdp,total_bndes,0.0404775099802461,0.0226885363082959,1.78405118030668,0.0744697795483645,-0.00399202118401373,0.084947041144506
S4__full_iv__FE__mayor_gov_pres__w_owners_muni_univ,S4,full_iv,FE,mayor_gov_pres,w_owners_muni_univ,log_gdp,fit_s_S4_Pequena,share,0.241252709476956,0.285648569649242,0.844578741539642,0.39838236254319,-0.318618487035559,0.80112390598947
S4__full_iv__FE__mayor_gov_pres__w_owners_muni_univ,S4,full_iv,FE,mayor_gov_pres,w_owners_muni_univ,log_gdp,fit_s_S4_Media,share,0.00246587849769092,0.37131996881067,0.00664084537545631,0.99470164881217,-0.725321260371223,0.730253017366604
S4__full_iv__FE__mayor_gov_pres__w_owners_muni_univ,S4,full_iv,FE,mayor_gov_pres,w_owners_muni_univ,log_gdp,fit_s_S4_Grande,share,0.94673440969353,0.860395279324047,1.10034821487783,0.271227992085951,-0.739640337781602,2.63310915716866
S4__full_iv__FE__mayor_gov_pres__w_owners_muni_univ,S4,full_iv,FE,mayor_gov_pres,w_owners_muni_univ,log_gdp,fit_total_bndes_initial_gdp,total_bndes,0.0267861687029844,0.0138629587187991,1.93221153191926,0.0533840610257278,-0.000385230385861957,0.0539575677918307
S4__mixed__FE__mayor__w_owners_muni_univ,S4,mixed,FE,mayor,w_owners_muni_univ,log_gdp,fit_total_bndes_initial_gdp,total_bndes,0.043171525241653,0.0278006463808895,1.55289645608131,0.120504697130591,-0.0113177416648905,0.0976607921481965
S4__mixed__FE__mayor__w_owners_muni_univ,S4,mixed,FE,mayor,w_owners_muni_univ,log_gdp,s_S4_Pequena,share,0.00283214744189465,0.00982893037972701,0.288144012876131,0.773247226107665,-0.0164325561023703,0.0220968509861596
S4__mixed__FE__mayor__w_owners_muni_univ,S4,mixed,FE,mayor,w_owners_muni_univ,log_gdp,s_S4_Media,share,-0.0628983555737261,0.0471806806497613,-1.33313794348671,0.182541071114129,-0.155372489647258,0.029575778499806
S4__mixed__FE__mayor__w_owners_muni_univ,S4,mixed,FE,mayor,w_owners_muni_univ,log_gdp,s_S4_Grande,share,-0.0486209782215989,0.06971641462999,-0.697410767315673,0.485574878324275,-0.185265150896379,0.0880231944531815
S4__mixed__FE__gov__w_owners_muni_univ,S4,mixed,FE,gov,w_owners_muni_univ,log_gdp,fit_total_bndes_initial_gdp,total_bndes,0.0691083421543186,0.055003449607954,1.25643650801722,0.209010452869249,-0.0386984190772713,0.176915103385908
S4__mixed__FE__gov__w_owners_muni_univ,S4,mixed,FE,gov,w_owners_muni_univ,log_gdp,s_S4_Pequena,share,-0.00183834540251629,0.0140124068848616,-0.131194120868868,0.895626485569147,-0.0293026628968451,0.0256259720918125
S4__mixed__FE__gov__w_owners_muni_univ,S4,mixed,FE,gov,w_owners_muni_univ,log_gdp,s_S4_Media,share,-0.12464219849998,0.133633763899362,-0.932714868331077,0.351007640912932,-0.386564375742729,0.13727997874277
S4__mixed__FE__gov__w_owners_muni_univ,S4,mixed,FE,gov,w_owners_muni_univ,log_gdp,s_S4_Grande,share,-0.109261322090084,0.157388700704551,-0.694213254197892,0.48757743914419,-0.417743175471004,0.199220531290835
S4__mixed__FE__mayor_gov__w_owners_muni_univ,S4,mixed,FE,mayor_gov,w_owners_muni_univ,log_gdp,fit_total_bndes_initial_gdp,total_bndes,0.0500966722382562,0.0261107176055283,1.91862487255615,0.0550828901786217,-0.00108033426857919,0.101273678745092
S4__mixed__FE__mayor_gov__w_owners_muni_univ,S4,mixed,FE,mayor_gov,w_owners_muni_univ,log_gdp,s_S4_Pequena,share,0.00158512281265654,0.0102110845666414,0.15523549945272,0.876641288889481,-0.0184286029379606,0.0215988485632737
S4__mixed__FE__mayor_gov__w_owners_muni_univ,S4,mixed,FE,mayor_gov,w_owners_muni_univ,log_gdp,s_S4_Media,share,-0.0793840018208831,0.0431184367013053,-1.84106864473776,0.0656646587271444,-0.163896137755442,0.0051281341136753
S4__mixed__FE__mayor_gov__w_owners_muni_univ,S4,mixed,FE,mayor_gov,w_owners_muni_univ,log_gdp,s_S4_Grande,share,-0.0648119895021221,0.0740544964496641,-0.875193170021428,0.381506552505264,-0.209958802543464,0.0803348235392195
S4__mixed__FE__mayor_pres__w_owners_muni_univ,S4,mixed,FE,mayor_pres,w_owners_muni_univ,log_gdp,fit_total_bndes_initial_gdp,total_bndes,0.0412071011685931,0.0252037983403406,1.63495599401928,0.10211479001031,-0.00819234357847453,0.0906065459156608
S4__mixed__FE__mayor_pres__w_owners_muni_univ,S4,mixed,FE,mayor_pres,w_owners_muni_univ,log_gdp,s_S4_Pequena,share,0.00318588508855762,0.00921540571523656,0.345712949272558,0.729571509832271,-0.014876310113306,0.0212480802904213
S4__mixed__FE__mayor_pres__w_owners_muni_univ,S4,mixed,FE,mayor_pres,w_owners_muni_univ,log_gdp,s_S4_Media,share,-0.0582219493741538,0.0438875829545177,-1.32661553575396,0.184690289556941,-0.144241611965009,0.027797713216701
S4__mixed__FE__mayor_pres__w_owners_muni_univ,S4,mixed,FE,mayor_pres,w_owners_muni_univ,log_gdp,s_S4_Grande,share,-0.0440281497455752,0.0632411833562659,-0.696194274189098,0.486336226937203,-0.167980869123856,0.0799245696327059
S4__mixed__FE__mayor_gov_pres__w_owners_muni_univ,S4,mixed,FE,mayor_gov_pres,w_owners_muni_univ,log_gdp,fit_total_bndes_initial_gdp,total_bndes,0.0498984056396093,0.0258782419685426,1.9281992068961,0.053881132494578,-0.000822948618734179,0.100619759897953
S4__mixed__FE__mayor_gov_pres__w_owners_muni_univ,S4,mixed,FE,mayor_gov_pres,w_owners_muni_univ,log_gdp,s_S4_Pequena,share,0.00162082506299033,0.0101560574079407,0.159591955607012,0.87320830382149,-0.0182850474565735,0.0215266975825541
S4__mixed__FE__mayor_gov_pres__w_owners_muni_univ,S4,mixed,FE,mayor_gov_pres,w_owners_muni_univ,log_gdp,s_S4_Media,share,-0.0789120186255029,0.0428523321377665,-1.84148714174546,0.0656033517991513,-0.162902589615525,0.00507855236451944
S4__mixed__FE__mayor_gov_pres__w_owners_muni_univ,S4,mixed,FE,mayor_gov_pres,w_owners_muni_univ,log_gdp,s_S4_Grande,share,-0.064348441690527,0.0734319670693522,-0.876300121849571,0.380904695059784,-0.208275097146457,0.0795782137654033
policy_block__pure_ols__FE__mayor__w_binary_muni_univ,policy_block,pure_ols,FE,mayor,w_binary_muni_univ,log_gdp,s_policy_block_Agro,share,0.0279932674046714,0.00718998787069405,3.89336782037842,0.000100018190163765,0.0139008911781111,0.0420856436312317
policy_block__pure_ols__FE__mayor__w_binary_muni_univ,policy_block,pure_ols,FE,mayor,w_binary_muni_univ,log_gdp,s_policy_block_Ind,share,0.0160189777329362,0.00347250682399679,4.6130874739358,4.05617912075324e-06,0.00921286435790247,0.0228250911079699
policy_block__pure_ols__FE__mayor__w_binary_muni_univ,policy_block,pure_ols,FE,mayor,w_binary_muni_univ,log_gdp,s_policy_block_Infra,share,-0.00158610730460714,0.00348899115114082,-0.454603418552242,0.649412293715838,-0.00842452996084314,0.00525231535162886
policy_block__pure_ols__FE__mayor__w_binary_muni_univ,policy_block,pure_ols,FE,mayor,w_binary_muni_univ,log_gdp,total_bndes_initial_gdp,total_bndes,-2.3387162733608e-06,7.43702162901606e-05,-0.0314469473133725,0.974914228007257,-0.000148104340202076,0.000143426907655354
policy_block__pure_ols__FE__gov__w_binary_muni_univ,policy_block,pure_ols,FE,gov,w_binary_muni_univ,log_gdp,s_policy_block_Agro,share,0.0279932674046714,0.00718998787069405,3.89336782037842,0.000100018190163765,0.0139008911781111,0.0420856436312317
policy_block__pure_ols__FE__gov__w_binary_muni_univ,policy_block,pure_ols,FE,gov,w_binary_muni_univ,log_gdp,s_policy_block_Ind,share,0.0160189777329362,0.00347250682399679,4.6130874739358,4.05617912075324e-06,0.00921286435790247,0.0228250911079699
policy_block__pure_ols__FE__gov__w_binary_muni_univ,policy_block,pure_ols,FE,gov,w_binary_muni_univ,log_gdp,s_policy_block_Infra,share,-0.00158610730460714,0.00348899115114082,-0.454603418552242,0.649412293715838,-0.00842452996084314,0.00525231535162886
policy_block__pure_ols__FE__gov__w_binary_muni_univ,policy_block,pure_ols,FE,gov,w_binary_muni_univ,log_gdp,total_bndes_initial_gdp,total_bndes,-2.3387162733608e-06,7.43702162901606e-05,-0.0314469473133725,0.974914228007257,-0.000148104340202076,0.000143426907655354
policy_block__pure_ols__FE__mayor_gov__w_binary_muni_univ,policy_block,pure_ols,FE,mayor_gov,w_binary_muni_univ,log_gdp,s_policy_block_Agro,share,0.0279932674046714,0.00718998787069405,3.89336782037842,0.000100018190163765,0.0139008911781111,0.0420856436312317
policy_block__pure_ols__FE__mayor_gov__w_binary_muni_univ,policy_block,pure_ols,FE,mayor_gov,w_binary_muni_univ,log_gdp,s_policy_block_Ind,share,0.0160189777329362,0.00347250682399679,4.6130874739358,4.05617912075324e-06,0.00921286435790247,0.0228250911079699
policy_block__pure_ols__FE__mayor_gov__w_binary_muni_univ,policy_block,pure_ols,FE,mayor_gov,w_binary_muni_univ,log_gdp,s_policy_block_Infra,share,-0.00158610730460714,0.00348899115114082,-0.454603418552242,0.649412293715838,-0.00842452996084314,0.00525231535162886
policy_block__pure_ols__FE__mayor_gov__w_binary_muni_univ,policy_block,pure_ols,FE,mayor_gov,w_binary_muni_univ,log_gdp,total_bndes_initial_gdp,total_bndes,-2.3387162733608e-06,7.43702162901606e-05,-0.0314469473133725,0.974914228007257,-0.000148104340202076,0.000143426907655354
policy_block__pure_ols__FE__mayor_pres__w_binary_muni_univ,policy_block,pure_ols,FE,mayor_pres,w_binary_muni_univ,log_gdp,s_policy_block_Agro,share,0.0279932674046714,0.00718998787069405,3.89336782037842,0.000100018190163765,0.0139008911781111,0.0420856436312317
policy_block__pure_ols__FE__mayor_pres__w_binary_muni_univ,policy_block,pure_ols,FE,mayor_pres,w_binary_muni_univ,log_gdp,s_policy_block_Ind,share,0.0160189777329362,0.00347250682399679,4.6130874739358,4.05617912075324e-06,0.00921286435790247,0.0228250911079699
policy_block__pure_ols__FE__mayor_pres__w_binary_muni_univ,policy_block,pure_ols,FE,mayor_pres,w_binary_muni_univ,log_gdp,s_policy_block_Infra,share,-0.00158610730460714,0.00348899115114082,-0.454603418552242,0.649412293715838,-0.00842452996084314,0.00525231535162886
policy_block__pure_ols__FE__mayor_pres__w_binary_muni_univ,policy_block,pure_ols,FE,mayor_pres,w_binary_muni_univ,log_gdp,total_bndes_initial_gdp,total_bndes,-2.3387162733608e-06,7.43702162901606e-05,-0.0314469473133725,0.974914228007257,-0.000148104340202076,0.000143426907655354
policy_block__pure_ols__FE__mayor_gov_pres__w_binary_muni_univ,policy_block,pure_ols,FE,mayor_gov_pres,w_binary_muni_univ,log_gdp,s_policy_block_Agro,share,0.0279932674046714,0.00718998787069405,3.89336782037842,0.000100018190163765,0.0139008911781111,0.0420856436312317
policy_block__pure_ols__FE__mayor_gov_pres__w_binary_muni_univ,policy_block,pure_ols,FE,mayor_gov_pres,w_binary_muni_univ,log_gdp,s_policy_block_Ind,share,0.0160189777329362,0.00347250682399679,4.6130874739358,4.05617912075324e-06,0.00921286435790247,0.0228250911079699
policy_block__pure_ols__FE__mayor_gov_pres__w_binary_muni_univ,policy_block,pure_ols,FE,mayor_gov_pres,w_binary_muni_univ,log_gdp,s_policy_block_Infra,share,-0.00158610730460714,0.00348899115114082,-0.454603418552242,0.649412293715838,-0.00842452996084314,0.00525231535162886
policy_block__pure_ols__FE__mayor_gov_pres__w_binary_muni_univ,policy_block,pure_ols,FE,mayor_gov_pres,w_binary_muni_univ,log_gdp,total_bndes_initial_gdp,total_bndes,-2.3387162733608e-06,7.43702162901606e-05,-0.0314469473133725,0.974914228007257,-0.000148104340202076,0.000143426907655354
policy_block__partial_iv__FE__mayor__w_binary_muni_univ,policy_block,partial_iv,FE,mayor,w_binary_muni_univ,log_gdp,fit_s_policy_block_Agro,share,5.72514091913793,6.97300621810559,0.821043426617411,0.411656676954284,-7.94195126834903,19.3922331066249
policy_block__partial_iv__FE__mayor__w_binary_muni_univ,policy_block,partial_iv,FE,mayor,w_binary_muni_univ,log_gdp,fit_s_policy_block_Ind,share,-0.23012733529286,1.12142725693393,-0.205209329334518,0.837416080768255,-2.42812475888337,1.96787008829765
policy_block__partial_iv__FE__mayor__w_binary_muni_univ,policy_block,partial_iv,FE,mayor,w_binary_muni_univ,log_gdp,fit_s_policy_block_Infra,share,0.288185081044536,1.57556145023203,0.182909451739947,0.854875724784443,-2.79991536141024,3.37628552349932
policy_block__partial_iv__FE__mayor__w_binary_muni_univ,policy_block,partial_iv,FE,mayor,w_binary_muni_univ,log_gdp,total_bndes_initial_gdp,total_bndes,0.000360714090137475,0.000593076883205016,0.60820797497309,0.543074349276709,-0.000801716600944357,0.00152314478121931
policy_block__partial_iv__FE__gov__w_binary_muni_univ,policy_block,partial_iv,FE,gov,w_binary_muni_univ,log_gdp,fit_s_policy_block_Agro,share,-0.164798031019733,0.616252829085702,-0.267419512319699,0.78915608038029,-1.37265357602771,1.04305751398824
policy_block__partial_iv__FE__gov__w_binary_muni_univ,policy_block,partial_iv,FE,gov,w_binary_muni_univ,log_gdp,fit_s_policy_block_Ind,share,0.640430281822057,0.338898526147529,1.88974053414226,0.058844560602399,-0.0238108294270998,1.30467139307121
policy_block__partial_iv__FE__gov__w_binary_muni_univ,policy_block,partial_iv,FE,gov,w_binary_muni_univ,log_gdp,fit_s_policy_block_Infra,share,-0.703230286704898,0.493027752454586,-1.42635030828143,0.153823304647774,-1.66956468151589,0.263104108106091
policy_block__partial_iv__FE__gov__w_binary_muni_univ,policy_block,partial_iv,FE,gov,w_binary_muni_univ,log_gdp,total_bndes_initial_gdp,total_bndes,-0.000303965940172503,0.000240375654129328,-1.26454545188242,0.206087235288187,-0.000775102222265986,0.00016717034192098
policy_block__partial_iv__FE__mayor_gov__w_binary_muni_univ,policy_block,partial_iv,FE,mayor_gov,w_binary_muni_univ,log_gdp,fit_s_policy_block_Agro,share,0.137357150011388,0.505943469021497,0.271487149101933,0.786026445101293,-0.854292049270746,1.12900634929352
policy_block__partial_iv__FE__mayor_gov__w_binary_muni_univ,policy_block,partial_iv,FE,mayor_gov,w_binary_muni_univ,log_gdp,fit_s_policy_block_Ind,share,0.413100699593262,0.260911668620093,1.58329714335148,0.113410536609514,-0.0982861709021201,0.924487570088644
policy_block__partial_iv__FE__mayor_gov__w_binary_muni_univ,policy_block,partial_iv,FE,mayor_gov,w_binary_muni_univ,log_gdp,fit_s_policy_block_Infra,share,-0.660098158080164,0.353259515299572,-1.86859271864308,0.0617319607967818,-1.35248680806733,0.0322904919069981
policy_block__partial_iv__FE__mayor_gov__w_binary_muni_univ,policy_block,partial_iv,FE,mayor_gov,w_binary_muni_univ,log_gdp,total_bndes_initial_gdp,total_bndes,-0.00017049013277115,0.000203418109762394,-0.838126619946937,0.401995563353528,-0.000569189627905442,0.000228209362363142
policy_block__partial_iv__FE__mayor_pres__w_binary_muni_univ,policy_block,partial_iv,FE,mayor_pres,w_binary_muni_univ,log_gdp,fit_s_policy_block_Agro,share,1.09363371128762,1.03994326136822,1.05162824926503,0.293015770632515,-0.944655080994081,3.13192250356932
policy_block__partial_iv__FE__mayor_pres__w_binary_muni_univ,policy_block,partial_iv,FE,mayor_pres,w_binary_muni_univ,log_gdp,fit_s_policy_block_Ind,share,0.483418103860281,0.519502766498656,0.930539999081087,0.352131898993784,-0.534807318477084,1.50164352619765
policy_block__partial_iv__FE__mayor_pres__w_binary_muni_univ,policy_block,partial_iv,FE,mayor_pres,w_binary_muni_univ,log_gdp,fit_s_policy_block_Infra,share,-1.43937673643057,0.621500569380545,-2.31597010098511,0.0205960379369961,-2.65751785241644,-0.221235620444699
policy_block__partial_iv__FE__mayor_pres__w_binary_muni_univ,policy_block,partial_iv,FE,mayor_pres,w_binary_muni_univ,log_gdp,total_bndes_initial_gdp,total_bndes,-0.000117134465673835,0.000354207878667691,-0.330694128302346,0.740887978610954,-0.000811381907862511,0.00057711297651484
policy_block__partial_iv__FE__mayor_gov_pres__w_binary_muni_univ,policy_block,partial_iv,FE,mayor_gov_pres,w_binary_muni_univ,log_gdp,fit_s_policy_block_Agro,share,0.397334087532719,0.415010844898434,0.957406517003091,0.338403670290453,-0.416087168468211,1.21075534353365
policy_block__partial_iv__FE__mayor_gov_pres__w_binary_muni_univ,policy_block,partial_iv,FE,mayor_gov_pres,w_binary_muni_univ,log_gdp,fit_s_policy_block_Ind,share,0.285151231291467,0.20539834242517,1.38828399452811,0.165106112942474,-0.117429519861865,0.6877319824448
policy_block__partial_iv__FE__mayor_gov_pres__w_binary_muni_univ,policy_block,partial_iv,FE,mayor_gov_pres,w_binary_muni_univ,log_gdp,fit_s_policy_block_Infra,share,-0.442539328303598,0.261270218252852,-1.69379935938706,0.0903593361536921,-0.954628956079188,0.069550299471991
policy_block__partial_iv__FE__mayor_gov_pres__w_binary_muni_univ,policy_block,partial_iv,FE,mayor_gov_pres,w_binary_muni_univ,log_gdp,total_bndes_initial_gdp,total_bndes,-0.000103783740418938,0.000166752775303605,-0.622380888293945,0.533716925529234,-0.000430619180014003,0.000223051699176127
policy_block__full_iv__FE__mayor__w_binary_muni_univ,policy_block,full_iv,FE,mayor,w_binary_muni_univ,log_gdp,fit_s_policy_block_Agro,share,5.1343157109693,6.7018007908376,0.766109866767259,0.443643402829984,-8.00121383907239,18.269845261011
policy_block__full_iv__FE__mayor__w_binary_muni_univ,policy_block,full_iv,FE,mayor,w_binary_muni_univ,log_gdp,fit_s_policy_block_Ind,share,0.356441407091448,1.71486445293794,0.207853983141808,0.835350580954973,-3.00469292066691,3.7175757348498
policy_block__full_iv__FE__mayor__w_binary_muni_univ,policy_block,full_iv,FE,mayor,w_binary_muni_univ,log_gdp,fit_s_policy_block_Infra,share,-0.312594501847829,2.10765653122008,-0.148313777514249,0.88210051239373,-4.44360130303918,3.81841229934352
policy_block__full_iv__FE__mayor__w_binary_muni_univ,policy_block,full_iv,FE,mayor,w_binary_muni_univ,log_gdp,fit_total_bndes_initial_gdp,total_bndes,0.020594294829312,0.0441018645047402,0.466971069377316,0.640538845118878,-0.0658453595999787,0.107033949258603
policy_block__full_iv__FE__gov__w_binary_muni_univ,policy_block,full_iv,FE,gov,w_binary_muni_univ,log_gdp,fit_s_policy_block_Agro,share,-4.57502483048204,4.81748099648262,-0.949671588496643,0.342320360215479,-14.017287583588,4.86723792262389
policy_block__full_iv__FE__gov__w_binary_muni_univ,policy_block,full_iv,FE,gov,w_binary_muni_univ,log_gdp,fit_s_policy_block_Ind,share,1.83594191886471,1.46310007343058,1.2548300367178,0.209593123288048,-1.03173422505922,4.70361806278863
policy_block__full_iv__FE__gov__w_binary_muni_univ,policy_block,full_iv,FE,gov,w_binary_muni_univ,log_gdp,fit_s_policy_block_Infra,share,-0.964664221127714,1.76695725320449,-0.545946552684415,0.585124545192164,-4.42790043740852,2.49857199515309
policy_block__full_iv__FE__gov__w_binary_muni_univ,policy_block,full_iv,FE,gov,w_binary_muni_univ,log_gdp,fit_total_bndes_initial_gdp,total_bndes,0.0964882737647632,0.0828164889554295,1.16508529861356,0.244034368945504,-0.0658320445878786,0.258808592117405
policy_block__full_iv__FE__mayor_gov__w_binary_muni_univ,policy_block,full_iv,FE,mayor_gov,w_binary_muni_univ,log_gdp,fit_s_policy_block_Agro,share,-1.69046667099384,1.59048715416416,-1.06286093953537,0.28789110466538,-4.80782149315559,1.4268881511679
policy_block__full_iv__FE__mayor_gov__w_binary_muni_univ,policy_block,full_iv,FE,mayor_gov,w_binary_muni_univ,log_gdp,fit_s_policy_block_Ind,share,0.920456564034803,0.52910326046283,1.73965392545425,0.0819750513170353,-0.116585826472343,1.95749895454195
policy_block__full_iv__FE__mayor_gov__w_binary_muni_univ,policy_block,full_iv,FE,mayor_gov,w_binary_muni_univ,log_gdp,fit_s_policy_block_Infra,share,-1.04645207590575,0.74607669219431,-1.40260657765356,0.160789931899781,-2.5087623926066,0.415858240795099
policy_block__full_iv__FE__mayor_gov__w_binary_muni_univ,policy_block,full_iv,FE,mayor_gov,w_binary_muni_univ,log_gdp,fit_total_bndes_initial_gdp,total_bndes,0.0388438719629141,0.02438454183423,1.59297116291874,0.111223412189614,-0.00894983003217675,0.086637573958005
policy_block__full_iv__FE__mayor_pres__w_binary_muni_univ,policy_block,full_iv,FE,mayor_pres,w_binary_muni_univ,log_gdp,fit_s_policy_block_Agro,share,1.18668729228289,1.31904490847357,0.899656474665558,0.368341991848506,-1.39864072832531,3.77201531289108
policy_block__full_iv__FE__mayor_pres__w_binary_muni_univ,policy_block,full_iv,FE,mayor_pres,w_binary_muni_univ,log_gdp,fit_s_policy_block_Ind,share,0.876464001097984,0.692484951156953,1.2656794918556,0.205680801093195,-0.480806503169644,2.23373450536561
policy_block__full_iv__FE__mayor_pres__w_binary_muni_univ,policy_block,full_iv,FE,mayor_pres,w_binary_muni_univ,log_gdp,fit_s_policy_block_Infra,share,-1.62922181072308,0.776902708082711,-2.0970731518542,0.0360320814966998,-3.15195111856519,-0.106492502880964
policy_block__full_iv__FE__mayor_pres__w_binary_muni_univ,policy_block,full_iv,FE,mayor_pres,w_binary_muni_univ,log_gdp,fit_total_bndes_initial_gdp,total_bndes,0.0405710021806507,0.0268462896190839,1.51123312592927,0.130785803189088,-0.0120477254727537,0.093189729834055
policy_block__full_iv__FE__mayor_gov_pres__w_binary_muni_univ,policy_block,full_iv,FE,mayor_gov_pres,w_binary_muni_univ,log_gdp,fit_s_policy_block_Agro,share,-0.00623327439745991,0.539716037688647,-0.0115491739399743,0.990785710959872,-1.06407670826721,1.05161015947229
policy_block__full_iv__FE__mayor_gov_pres__w_binary_muni_univ,policy_block,full_iv,FE,mayor_gov_pres,w_binary_muni_univ,log_gdp,fit_s_policy_block_Ind,share,0.396792128119149,0.224701427859357,1.76586384830409,0.0774734776289719,-0.0436226704851909,0.83720692672349
policy_block__full_iv__FE__mayor_gov_pres__w_binary_muni_univ,policy_block,full_iv,FE,mayor_gov_pres,w_binary_muni_univ,log_gdp,fit_s_policy_block_Infra,share,-0.421860166269487,0.275777714028479,-1.5297108678837,0.126145108463808,-0.962384485765306,0.118664153226332
policy_block__full_iv__FE__mayor_gov_pres__w_binary_muni_univ,policy_block,full_iv,FE,mayor_gov_pres,w_binary_muni_univ,log_gdp,fit_total_bndes_initial_gdp,total_bndes,0.0147714969396904,0.0117732807500898,1.25466276165866,0.209653861858879,-0.00830413333048562,0.0378471272098664
policy_block__mixed__FE__mayor__w_binary_muni_univ,policy_block,mixed,FE,mayor,w_binary_muni_univ,log_gdp,fit_total_bndes_initial_gdp,total_bndes,0.017380888115575,0.0193853001116519,0.896601446223056,0.36997038146056,-0.0206143001032627,0.0553760763344128
policy_block__mixed__FE__mayor__w_binary_muni_univ,policy_block,mixed,FE,mayor,w_binary_muni_univ,log_gdp,s_policy_block_Agro,share,0.028670725280999,0.00990099586706395,2.89574156639872,0.00379735706641966,0.00926477338155368,0.0480766771804444
policy_block__mixed__FE__mayor__w_binary_muni_univ,policy_block,mixed,FE,mayor,w_binary_muni_univ,log_gdp,s_policy_block_Ind,share,-0.0288238206137027,0.0460173302342769,-0.626368815117239,0.531098731707813,-0.119017787872885,0.06137014664548
policy_block__mixed__FE__mayor__w_binary_muni_univ,policy_block,mixed,FE,mayor,w_binary_muni_univ,log_gdp,s_policy_block_Infra,share,-0.016290597077953,0.0198206798069273,-0.821899008340746,0.411169563170056,-0.0551391294995305,0.0225579353436245
policy_block__mixed__FE__gov__w_binary_muni_univ,policy_block,mixed,FE,gov,w_binary_muni_univ,log_gdp,fit_total_bndes_initial_gdp,total_bndes,0.18395990511599,0.188850280214873,0.974104485874637,0.330046970929262,-0.186186644105161,0.55410645433714
policy_block__mixed__FE__gov__w_binary_muni_univ,policy_block,mixed,FE,gov,w_binary_muni_univ,log_gdp,s_policy_block_Agro,share,0.0351626308512021,0.0726028478731792,0.484314760112761,0.628181548020412,-0.107138950980229,0.177464212682633
policy_block__mixed__FE__gov__w_binary_muni_univ,policy_block,mixed,FE,gov,w_binary_muni_univ,log_gdp,s_policy_block_Ind,share,-0.458540888704045,0.500760873594071,-0.915688331264773,0.359870034604934,-1.44003220094842,0.522950423540335
policy_block__mixed__FE__gov__w_binary_muni_univ,policy_block,mixed,FE,gov,w_binary_muni_univ,log_gdp,s_policy_block_Infra,share,-0.157199961928954,0.208682435371584,-0.753297524293509,0.45130299018208,-0.566217535257259,0.25181761139935
policy_block__mixed__FE__mayor_gov__w_binary_muni_univ,policy_block,mixed,FE,mayor_gov,w_binary_muni_univ,log_gdp,fit_total_bndes_initial_gdp,total_bndes,0.0568225451619682,0.0330643781551024,1.71854268347096,0.0857532550177311,-0.00798363602203246,0.121628726345969
policy_block__mixed__FE__mayor_gov__w_binary_muni_univ,policy_block,mixed,FE,mayor_gov,w_binary_muni_univ,log_gdp,s_policy_block_Agro,share,0.0302078427264511,0.0231678770528184,1.30386753424075,0.192332643512691,-0.0152011962970729,0.0756168817499752
policy_block__mixed__FE__mayor_gov__w_binary_muni_univ,policy_block,mixed,FE,mayor_gov,w_binary_muni_univ,log_gdp,s_policy_block_Ind,share,-0.130569848005366,0.0668757993521238,-1.95242298814062,0.0509380406776602,-0.261646414735529,0.000506718724796407
policy_block__mixed__FE__mayor_gov__w_binary_muni_univ,policy_block,mixed,FE,mayor_gov,w_binary_muni_univ,log_gdp,s_policy_block_Infra,share,-0.049654336059942,0.045594491940633,-1.08904242478664,0.276182301378363,-0.139019540263583,0.0397108681436987
policy_block__mixed__FE__mayor_pres__w_binary_muni_univ,policy_block,mixed,FE,mayor_pres,w_binary_muni_univ,log_gdp,fit_total_bndes_initial_gdp,total_bndes,0.0294138642579606,0.0232472016323677,1.26526472833646,0.205829382618375,-0.01615065094148,0.0749783794574012
policy_block__mixed__FE__mayor_pres__w_binary_muni_univ,policy_block,mixed,FE,mayor_pres,w_binary_muni_univ,log_gdp,s_policy_block_Agro,share,0.0291396735690337,0.0135386082718543,2.15233892464507,0.0314135094363322,0.0026040013561993,0.0556753457818681
policy_block__mixed__FE__mayor_pres__w_binary_muni_univ,policy_block,mixed,FE,mayor_pres,w_binary_muni_univ,log_gdp,s_policy_block_Ind,share,-0.0598647963705368,0.051112241229593,-1.17124185773087,0.241551684595268,-0.160044789180539,0.0403151964394655
policy_block__mixed__FE__mayor_pres__w_binary_muni_univ,policy_block,mixed,FE,mayor_pres,w_binary_muni_univ,log_gdp,s_policy_block_Infra,share,-0.0264693041925866,0.0266771478693544,-0.992208924365318,0.321138727810559,-0.0787565140165212,0.0258179056313479
policy_block__mixed__FE__mayor_gov_pres__w_binary_muni_univ,policy_block,mixed,FE,mayor_gov_pres,w_binary_muni_univ,log_gdp,fit_total_bndes_initial_gdp,total_bndes,0.056010294990774,0.0329774965500068,1.69843987113578,0.0894806325267543,-0.0086255982472393,0.120646188228787
policy_block__mixed__FE__mayor_gov_pres__w_binary_muni_univ,policy_block,mixed,FE,mayor_gov_pres,w_binary_muni_univ,log_gdp,s_policy_block_Agro,share,0.0301761877707081,0.0228602256095344,1.32003018194722,0.186879195649834,-0.0146298544239793,0.0749822299653954
policy_block__mixed__FE__mayor_gov_pres__w_binary_muni_univ,policy_block,mixed,FE,mayor_gov_pres,w_binary_muni_univ,log_gdp,s_policy_block_Ind,share,-0.128474519503576,0.0669180772104176,-1.91987763036884,0.054924385814861,-0.259633950835994,0.00268491182884273
policy_block__mixed__FE__mayor_gov_pres__w_binary_muni_univ,policy_block,mixed,FE,mayor_gov_pres,w_binary_muni_univ,log_gdp,s_policy_block_Infra,share,-0.0489672527898883,0.0451707660682979,-1.08404742828249,0.278390699216616,-0.137501954283752,0.0395674487039757
S4__pure_ols__FE__mayor__w_binary_muni_univ,S4,pure_ols,FE,mayor,w_binary_muni_univ,log_gdp,s_S4_Pequena,share,0.0106085382147628,0.00327728887586413,3.23698600171936,0.0012150658284411,0.00418505201806907,0.0170320244114565
S4__pure_ols__FE__mayor__w_binary_muni_univ,S4,pure_ols,FE,mayor,w_binary_muni_univ,log_gdp,s_S4_Media,share,0.039905409769298,0.00455094477862417,8.76859898558517,2.36926176799418e-18,0.0309855580031947,0.0488252615354014
S4__pure_ols__FE__mayor__w_binary_muni_univ,S4,pure_ols,FE,mayor,w_binary_muni_univ,log_gdp,s_S4_Grande,share,0.0523454564206744,0.00751395747936991,6.9664296829457,3.62675480902263e-12,0.0376180997611094,0.0670728130802394
S4__pure_ols__FE__mayor__w_binary_muni_univ,S4,pure_ols,FE,mayor,w_binary_muni_univ,log_gdp,total_bndes_initial_gdp,total_bndes,-1.33870227061801e-05,7.21585810408417e-05,-0.185522255469562,0.852826182245824,-0.00015481784154623,0.00012804379613387
S4__pure_ols__FE__gov__w_binary_muni_univ,S4,pure_ols,FE,gov,w_binary_muni_univ,log_gdp,s_S4_Pequena,share,0.0106085382147628,0.00327728887586413,3.23698600171936,0.0012150658284411,0.00418505201806907,0.0170320244114565
S4__pure_ols__FE__gov__w_binary_muni_univ,S4,pure_ols,FE,gov,w_binary_muni_univ,log_gdp,s_S4_Media,share,0.039905409769298,0.00455094477862417,8.76859898558517,2.36926176799418e-18,0.0309855580031947,0.0488252615354014
S4__pure_ols__FE__gov__w_binary_muni_univ,S4,pure_ols,FE,gov,w_binary_muni_univ,log_gdp,s_S4_Grande,share,0.0523454564206744,0.00751395747936991,6.9664296829457,3.62675480902263e-12,0.0376180997611094,0.0670728130802394
S4__pure_ols__FE__gov__w_binary_muni_univ,S4,pure_ols,FE,gov,w_binary_muni_univ,log_gdp,total_bndes_initial_gdp,total_bndes,-1.33870227061801e-05,7.21585810408417e-05,-0.185522255469562,0.852826182245824,-0.00015481784154623,0.00012804379613387
S4__pure_ols__FE__mayor_gov__w_binary_muni_univ,S4,pure_ols,FE,mayor_gov,w_binary_muni_univ,log_gdp,s_S4_Pequena,share,0.0106085382147628,0.00327728887586413,3.23698600171936,0.0012150658284411,0.00418505201806907,0.0170320244114565
S4__pure_ols__FE__mayor_gov__w_binary_muni_univ,S4,pure_ols,FE,mayor_gov,w_binary_muni_univ,log_gdp,s_S4_Media,share,0.039905409769298,0.00455094477862417,8.76859898558517,2.36926176799418e-18,0.0309855580031947,0.0488252615354014
S4__pure_ols__FE__mayor_gov__w_binary_muni_univ,S4,pure_ols,FE,mayor_gov,w_binary_muni_univ,log_gdp,s_S4_Grande,share,0.0523454564206744,0.00751395747936991,6.9664296829457,3.62675480902263e-12,0.0376180997611094,0.0670728130802394
S4__pure_ols__FE__mayor_gov__w_binary_muni_univ,S4,pure_ols,FE,mayor_gov,w_binary_muni_univ,log_gdp,total_bndes_initial_gdp,total_bndes,-1.33870227061801e-05,7.21585810408417e-05,-0.185522255469562,0.852826182245824,-0.00015481784154623,0.00012804379613387
S4__pure_ols__FE__mayor_pres__w_binary_muni_univ,S4,pure_ols,FE,mayor_pres,w_binary_muni_univ,log_gdp,s_S4_Pequena,share,0.0106085382147628,0.00327728887586413,3.23698600171936,0.0012150658284411,0.00418505201806907,0.0170320244114565
S4__pure_ols__FE__mayor_pres__w_binary_muni_univ,S4,pure_ols,FE,mayor_pres,w_binary_muni_univ,log_gdp,s_S4_Media,share,0.039905409769298,0.00455094477862417,8.76859898558517,2.36926176799418e-18,0.0309855580031947,0.0488252615354014
S4__pure_ols__FE__mayor_pres__w_binary_muni_univ,S4,pure_ols,FE,mayor_pres,w_binary_muni_univ,log_gdp,s_S4_Grande,share,0.0523454564206744,0.00751395747936991,6.9664296829457,3.62675480902263e-12,0.0376180997611094,0.0670728130802394
S4__pure_ols__FE__mayor_pres__w_binary_muni_univ,S4,pure_ols,FE,mayor_pres,w_binary_muni_univ,log_gdp,total_bndes_initial_gdp,total_bndes,-1.33870227061801e-05,7.21585810408417e-05,-0.185522255469562,0.852826182245824,-0.00015481784154623,0.00012804379613387
S4__pure_ols__FE__mayor_gov_pres__w_binary_muni_univ,S4,pure_ols,FE,mayor_gov_pres,w_binary_muni_univ,log_gdp,s_S4_Pequena,share,0.0106085382147628,0.00327728887586413,3.23698600171936,0.0012150658284411,0.00418505201806907,0.0170320244114565
S4__pure_ols__FE__mayor_gov_pres__w_binary_muni_univ,S4,pure_ols,FE,mayor_gov_pres,w_binary_muni_univ,log_gdp,s_S4_Media,share,0.039905409769298,0.00455094477862417,8.76859898558517,2.36926176799418e-18,0.0309855580031947,0.0488252615354014
S4__pure_ols__FE__mayor_gov_pres__w_binary_muni_univ,S4,pure_ols,FE,mayor_gov_pres,w_binary_muni_univ,log_gdp,s_S4_Grande,share,0.0523454564206744,0.00751395747936991,6.9664296829457,3.62675480902263e-12,0.0376180997611094,0.0670728130802394
S4__pure_ols__FE__mayor_gov_pres__w_binary_muni_univ,S4,pure_ols,FE,mayor_gov_pres,w_binary_muni_univ,log_gdp,total_bndes_initial_gdp,total_bndes,-1.33870227061801e-05,7.21585810408417e-05,-0.185522255469562,0.852826182245824,-0.00015481784154623,0.00012804379613387
S4__partial_iv__FE__mayor__w_binary_muni_univ,S4,partial_iv,FE,mayor,w_binary_muni_univ,log_gdp,fit_s_S4_Pequena,share,1.90224573381125,2.54153272714044,0.748463993202847,0.454211943409413,-3.07915841138401,6.88364987900651
S4__partial_iv__FE__mayor__w_binary_muni_univ,S4,partial_iv,FE,mayor,w_binary_muni_univ,log_gdp,fit_s_S4_Media,share,2.69435987608873,4.16883347631599,0.646310266743912,0.518105072824569,-5.4765537374906,10.8652734896681
S4__partial_iv__FE__mayor__w_binary_muni_univ,S4,partial_iv,FE,mayor,w_binary_muni_univ,log_gdp,fit_s_S4_Grande,share,-11.6741826704884,17.7529456455983,-0.657591303637146,0.510827962065843,-46.469956135861,23.1215907948843
S4__partial_iv__FE__mayor__w_binary_muni_univ,S4,partial_iv,FE,mayor,w_binary_muni_univ,log_gdp,total_bndes_initial_gdp,total_bndes,0.000938349745204567,0.00198964418659278,0.471616860706874,0.637218765495562,-0.00296135286051728,0.00483805235092641
S4__partial_iv__FE__gov__w_binary_muni_univ,S4,partial_iv,FE,gov,w_binary_muni_univ,log_gdp,fit_s_S4_Pequena,share,0.436948761569945,0.392560453827089,1.11307381400778,0.265724770495089,-0.332469727931151,1.20636725107104
S4__partial_iv__FE__gov__w_binary_muni_univ,S4,partial_iv,FE,gov,w_binary_muni_univ,log_gdp,fit_s_S4_Media,share,0.261070281651955,0.787100826093282,0.331685945430598,0.740138895653341,-1.28164733749088,1.80378790079479
S4__partial_iv__FE__gov__w_binary_muni_univ,S4,partial_iv,FE,gov,w_binary_muni_univ,log_gdp,fit_s_S4_Grande,share,2.36600316503714,1.98492181276527,1.19198809233748,0.233316705577007,-1.52444358798279,6.25644991805706
S4__partial_iv__FE__gov__w_binary_muni_univ,S4,partial_iv,FE,gov,w_binary_muni_univ,log_gdp,total_bndes_initial_gdp,total_bndes,-0.000358764547585555,0.000302185826256894,-1.18723155228519,0.235186936206568,-0.000951048767049068,0.000233519671877957
S4__partial_iv__FE__mayor_gov__w_binary_muni_univ,S4,partial_iv,FE,mayor_gov,w_binary_muni_univ,log_gdp,fit_s_S4_Pequena,share,0.522430378211626,0.303728468055249,1.72005733132857,0.0854775772351349,-0.0728774191766618,1.11773817559991
S4__partial_iv__FE__mayor_gov__w_binary_muni_univ,S4,partial_iv,FE,mayor_gov,w_binary_muni_univ,log_gdp,fit_s_S4_Media,share,-0.0836305122242236,0.453602150695018,-0.184369743609203,0.853730117049959,-0.972690727586458,0.805429703138011
S4__partial_iv__FE__mayor_gov__w_binary_muni_univ,S4,partial_iv,FE,mayor_gov,w_binary_muni_univ,log_gdp,fit_s_S4_Grande,share,1.76994933706994,1.55560118002686,1.13779120239506,0.255256627267927,-1.27902897578271,4.81892764992258
S4__partial_iv__FE__mayor_gov__w_binary_muni_univ,S4,partial_iv,FE,mayor_gov,w_binary_muni_univ,log_gdp,total_bndes_initial_gdp,total_bndes,-0.000164709008519213,0.000221545143463554,-0.743455739738701,0.457237171279414,-0.00059893748970778,0.000269519472669353
S4__partial_iv__FE__mayor_pres__w_binary_muni_univ,S4,partial_iv,FE,mayor_pres,w_binary_muni_univ,log_gdp,fit_s_S4_Pequena,share,0.420357388448167,0.428183700554186,0.981722069065474,0.32627943641736,-0.418882664638038,1.25959744153437
S4__partial_iv__FE__mayor_pres__w_binary_muni_univ,S4,partial_iv,FE,mayor_pres,w_binary_muni_univ,log_gdp,fit_s_S4_Media,share,0.643941115732157,0.579347675198517,1.11149339731364,0.266404012738399,-0.491580327656935,1.77946255912125
S4__partial_iv__FE__mayor_pres__w_binary_muni_univ,S4,partial_iv,FE,mayor_pres,w_binary_muni_univ,log_gdp,fit_s_S4_Grande,share,-2.63680134915219,2.0446445473404,-1.28961356759151,0.197238416571391,-6.64430466193937,1.370701963635
S4__partial_iv__FE__mayor_pres__w_binary_muni_univ,S4,partial_iv,FE,mayor_pres,w_binary_muni_univ,log_gdp,total_bndes_initial_gdp,total_bndes,0.000204191757661513,0.000388665555279883,0.525366230394335,0.599349539979673,-0.000557592730687058,0.000965976246010085
S4__partial_iv__FE__mayor_gov_pres__w_binary_muni_univ,S4,partial_iv,FE,mayor_gov_pres,w_binary_muni_univ,log_gdp,fit_s_S4_Pequena,share,0.300006383819157,0.223288849557552,1.34357978203399,0.179139052356336,-0.137639761313645,0.737652528951958
S4__partial_iv__FE__mayor_gov_pres__w_binary_muni_univ,S4,partial_iv,FE,mayor_gov_pres,w_binary_muni_univ,log_gdp,fit_s_S4_Media,share,-0.0925761448422751,0.27911944477383,-0.331672144580574,0.740149317238112,-0.639650256598981,0.454497966914431
S4__partial_iv__FE__mayor_gov_pres__w_binary_muni_univ,S4,partial_iv,FE,mayor_gov_pres,w_binary_muni_univ,log_gdp,fit_s_S4_Grande,share,0.419312986182181,0.935673318196328,0.448140369109252,0.654069328368202,-1.41460671748262,2.25323268984698
S4__partial_iv__FE__mayor_gov_pres__w_binary_muni_univ,S4,partial_iv,FE,mayor_gov_pres,w_binary_muni_univ,log_gdp,total_bndes_initial_gdp,total_bndes,2.49864878362559e-06,0.000126994873571554,0.0196751940716548,0.984303184061477,-0.000246411303416621,0.000251408600983872
S4__full_iv__FE__mayor__w_binary_muni_univ,S4,full_iv,FE,mayor,w_binary_muni_univ,log_gdp,fit_s_S4_Pequena,share,5.12345784305938,25.7741967150914,0.198782445082352,0.842440185140698,-45.3939677185197,55.6408834046385
S4__full_iv__FE__mayor__w_binary_muni_univ,S4,full_iv,FE,mayor,w_binary_muni_univ,log_gdp,fit_s_S4_Media,share,10.8833783622126,61.9804131555235,0.175593833731046,0.860619431086939,-110.598231422614,132.364988147039
S4__full_iv__FE__mayor__w_binary_muni_univ,S4,full_iv,FE,mayor,w_binary_muni_univ,log_gdp,fit_s_S4_Grande,share,-49.0310455816766,268.54006251036,-0.182583727445826,0.855131299282679,-575.369568101981,477.307476938628
S4__full_iv__FE__mayor__w_binary_muni_univ,S4,full_iv,FE,mayor,w_binary_muni_univ,log_gdp,fit_total_bndes_initial_gdp,total_bndes,-0.124960716850856,1.03205723360961,-0.121079251015767,0.903632631716276,-2.14779289472569,1.89787146102398
S4__full_iv__FE__gov__w_binary_muni_univ,S4,full_iv,FE,gov,w_binary_muni_univ,log_gdp,fit_s_S4_Pequena,share,1.85563169398971,10.5953726598862,0.175136047929213,0.860979100743966,-18.9112987193873,22.6225621073667
S4__full_iv__FE__gov__w_binary_muni_univ,S4,full_iv,FE,gov,w_binary_muni_univ,log_gdp,fit_s_S4_Media,share,9.73643061265344,28.3701164730875,0.343193184345564,0.731466086006857,-45.8689976745981,65.3418588999049
S4__full_iv__FE__gov__w_binary_muni_univ,S4,full_iv,FE,gov,w_binary_muni_univ,log_gdp,fit_s_S4_Grande,share,-10.7597153911288,36.7557734786332,-0.29273538203144,0.769735329066436,-82.8010314092499,61.2816006269924
S4__full_iv__FE__gov__w_binary_muni_univ,S4,full_iv,FE,gov,w_binary_muni_univ,log_gdp,fit_total_bndes_initial_gdp,total_bndes,0.474923623289052,1.08352327352522,0.438314187515233,0.661175543860293,-1.64878199282038,2.59862923939848
S4__full_iv__FE__mayor_gov__w_binary_muni_univ,S4,full_iv,FE,mayor_gov,w_binary_muni_univ,log_gdp,fit_s_S4_Pequena,share,0.466678970089384,0.420601403753477,1.10955162280655,0.26724019679458,-0.35769978126743,1.2910577214462
S4__full_iv__FE__mayor_gov__w_binary_muni_univ,S4,full_iv,FE,mayor_gov,w_binary_muni_univ,log_gdp,fit_s_S4_Media,share,-0.150044129912539,0.775341732279579,-0.193519997268037,0.846558804046132,-1.66971392518051,1.36962566535544
S4__full_iv__FE__mayor_gov__w_binary_muni_univ,S4,full_iv,FE,mayor_gov,w_binary_muni_univ,log_gdp,fit_s_S4_Grande,share,2.58488484721905,2.34742289327362,1.10115857463343,0.27087523835849,-2.01606402359724,7.18583371803534
S4__full_iv__FE__mayor_gov__w_binary_muni_univ,S4,full_iv,FE,mayor_gov,w_binary_muni_univ,log_gdp,fit_total_bndes_initial_gdp,total_bndes,0.0353584637075069,0.0204619672880524,1.72800900371649,0.0840420449631283,-0.0047469921770758,0.0754639195920895
S4__full_iv__FE__mayor_pres__w_binary_muni_univ,S4,full_iv,FE,mayor_pres,w_binary_muni_univ,log_gdp,fit_s_S4_Pequena,share,0.575537604288583,0.478401639029373,1.20304271000469,0.229010934664418,-0.362129608208987,1.51320481678615
S4__full_iv__FE__mayor_pres__w_binary_muni_univ,S4,full_iv,FE,mayor_pres,w_binary_muni_univ,log_gdp,fit_s_S4_Media,share,0.491800842625423,0.777273998526196,0.632725195436791,0.526939091525131,-1.03165619448592,2.01525787973677
S4__full_iv__FE__mayor_pres__w_binary_muni_univ,S4,full_iv,FE,mayor_pres,w_binary_muni_univ,log_gdp,fit_s_S4_Grande,share,-2.04727028778477,2.34514093341693,-0.872983904128031,0.38270948968832,-6.64374651728195,2.54920594171242
S4__full_iv__FE__mayor_pres__w_binary_muni_univ,S4,full_iv,FE,mayor_pres,w_binary_muni_univ,log_gdp,fit_total_bndes_initial_gdp,total_bndes,0.0404996296476859,0.0267017864294982,1.51673858056721,0.129389458063169,-0.0118358717541306,0.0928351310495024
S4__full_iv__FE__mayor_gov_pres__w_binary_muni_univ,S4,full_iv,FE,mayor_gov_pres,w_binary_muni_univ,log_gdp,fit_s_S4_Pequena,share,0.357826849521909,0.289488678185732,1.23606509161071,0.216486501564488,-0.209570959722126,0.925224658765943
S4__full_iv__FE__mayor_gov_pres__w_binary_muni_univ,S4,full_iv,FE,mayor_gov_pres,w_binary_muni_univ,log_gdp,fit_s_S4_Media,share,0.188981542319917,0.499048960275459,0.378683370496566,0.704937439056788,-0.789154419819982,1.16711750445982
S4__full_iv__FE__mayor_gov_pres__w_binary_muni_univ,S4,full_iv,FE,mayor_gov_pres,w_binary_muni_univ,log_gdp,fit_s_S4_Grande,share,0.133650892283076,1.24532351078073,0.107322226815815,0.914537217869882,-2.30718318884715,2.5744849734133
S4__full_iv__FE__mayor_gov_pres__w_binary_muni_univ,S4,full_iv,FE,mayor_gov_pres,w_binary_muni_univ,log_gdp,fit_total_bndes_initial_gdp,total_bndes,0.0351562502959187,0.0158840433853924,2.21330611122919,0.0269169358586303,0.00402352526054956,0.0662889753312879
S4__mixed__FE__mayor__w_binary_muni_univ,S4,mixed,FE,mayor,w_binary_muni_univ,log_gdp,fit_total_bndes_initial_gdp,total_bndes,0.0222660436933103,0.0201990369093165,1.10233194747223,0.270365020774164,-0.0173240686489501,0.0618561560355706
S4__mixed__FE__mayor__w_binary_muni_univ,S4,mixed,FE,mayor,w_binary_muni_univ,log_gdp,s_S4_Pequena,share,0.00659663798478881,0.00650005127119607,1.01485937718995,0.310216953099347,-0.00614346250675548,0.0193367384763331
S4__mixed__FE__mayor__w_binary_muni_univ,S4,mixed,FE,mayor,w_binary_muni_univ,log_gdp,s_S4_Media,share,-0.0131318490141543,0.0395216803508699,-0.332269501133832,0.739698272624237,-0.0905943425018594,0.0643306444735507
S4__mixed__FE__mayor__w_binary_muni_univ,S4,mixed,FE,mayor,w_binary_muni_univ,log_gdp,s_S4_Grande,share,0.000256090776362905,0.0497666974986629,0.00514582620978187,0.99589442714655,-0.0972866363210163,0.0977988178737421
S4__mixed__FE__gov__w_binary_muni_univ,S4,mixed,FE,gov,w_binary_muni_univ,log_gdp,fit_total_bndes_initial_gdp,total_bndes,0.179157252348499,0.198232338843062,0.903774093541499,0.36615429323407,-0.209378131783902,0.567692636480901
S4__mixed__FE__gov__w_binary_muni_univ,S4,mixed,FE,gov,w_binary_muni_univ,log_gdp,s_S4_Pequena,share,-0.021655065755206,0.0402800499317829,-0.537612683993202,0.590865952903385,-0.1006039636215,0.0572938321110885
S4__mixed__FE__gov__w_binary_muni_univ,S4,mixed,FE,gov,w_binary_muni_univ,log_gdp,s_S4_Media,share,-0.386618934045998,0.521489992167316,-0.741373640631544,0.458498183329496,-1.40873931869394,0.63550145060194
S4__mixed__FE__gov__w_binary_muni_univ,S4,mixed,FE,gov,w_binary_muni_univ,log_gdp,s_S4_Grande,share,-0.366555953848415,0.546350938391641,-0.67091667294924,0.502301438252259,-1.43740379309603,0.704291885399202
S4__mixed__FE__mayor_gov__w_binary_muni_univ,S4,mixed,FE,mayor_gov,w_binary_muni_univ,log_gdp,fit_total_bndes_initial_gdp,total_bndes,0.0539117087186605,0.030381408838157,1.77449666688765,0.0760356523801497,-0.00563585260412721,0.113459270041448
S4__mixed__FE__mayor_gov__w_binary_muni_univ,S4,mixed,FE,mayor_gov,w_binary_muni_univ,log_gdp,s_S4_Pequena,share,0.000898141806355841,0.0110462465059186,0.0813074202060054,0.935200394851836,-0.0207525013452446,0.0225487849579563
S4__mixed__FE__mayor_gov__w_binary_muni_univ,S4,mixed,FE,mayor_gov,w_binary_muni_univ,log_gdp,s_S4_Media,share,-0.0884658800635825,0.0528337440664948,-1.67442004398254,0.0941042268508645,-0.192020018433912,0.0150882583067473
S4__mixed__FE__mayor_gov__w_binary_muni_univ,S4,mixed,FE,mayor_gov,w_binary_muni_univ,log_gdp,s_S4_Grande,share,-0.073731554490437,0.0864978186218472,-0.85240940945318,0.394023555599886,-0.243267278989257,0.0958041700083834
S4__mixed__FE__mayor_pres__w_binary_muni_univ,S4,mixed,FE,mayor_pres,w_binary_muni_univ,log_gdp,fit_total_bndes_initial_gdp,total_bndes,0.0276447833269038,0.0214971986576603,1.285971431308,0.198506497054741,-0.0144897260421103,0.069779292695918
S4__mixed__FE__mayor_pres__w_binary_muni_univ,S4,mixed,FE,mayor_pres,w_binary_muni_univ,log_gdp,s_S4_Pequena,share,0.00562807792380557,0.00719020811279663,0.782742006283394,0.433811911635683,-0.00846472997727581,0.019720885824887
S4__mixed__FE__mayor_pres__w_binary_muni_univ,S4,mixed,FE,mayor_pres,w_binary_muni_univ,log_gdp,s_S4_Media,share,-0.0259361979902094,0.0402854097163876,-0.643811200452031,0.51972438183686,-0.104895601034329,0.0530232050539103
S4__mixed__FE__mayor_pres__w_binary_muni_univ,S4,mixed,FE,mayor_pres,w_binary_muni_univ,log_gdp,s_S4_Grande,share,-0.012319416158757,0.0538446183568762,-0.228795681624211,0.819036124370967,-0.117854868138234,0.0932160358207204
S4__mixed__FE__mayor_gov_pres__w_binary_muni_univ,S4,mixed,FE,mayor_gov_pres,w_binary_muni_univ,log_gdp,fit_total_bndes_initial_gdp,total_bndes,0.0539425358522234,0.0303731130854403,1.77599628001521,0.0757881205461055,-0.0055887657952396,0.113473837499686
S4__mixed__FE__mayor_gov_pres__w_binary_muni_univ,S4,mixed,FE,mayor_gov_pres,w_binary_muni_univ,log_gdp,s_S4_Pequena,share,0.000892590704723327,0.0110485206546358,0.0807882550637045,0.935613251653995,-0.0207625097783629,0.0225476911878096
S4__mixed__FE__mayor_gov_pres__w_binary_muni_univ,S4,mixed,FE,mayor_gov_pres,w_binary_muni_univ,log_gdp,s_S4_Media,share,-0.0885392655410278,0.0528360778873529,-1.67573501064546,0.0938462449136394,-0.192097978200239,0.0150194471181839
S4__mixed__FE__mayor_gov_pres__w_binary_muni_univ,S4,mixed,FE,mayor_gov_pres,w_binary_muni_univ,log_gdp,s_S4_Grande,share,-0.0738036284070626,0.0864918518409589,-0.853301517266304,0.39352881777976,-0.243327658015342,0.0957204012012169
